timestamp,action,position,velocity
1727315591.357106,37937690000000.0,-0.5006359,0.0
1727315591.7255673,36897838000000.0,-0.499308,0.0013279147
1727315592.0885167,40991230000000.0,-0.49666208,0.002645895
1727315592.44936,31244770000000.0,-0.49271798,0.0039440896
1727315592.818445,31750613000000.0,-0.48750517,0.005212815
1727315593.1728263,35508040000000.0,-0.48106253,0.006442642
1727315593.5438108,45557054000000.0,-0.47343805,0.007624485
1727315593.9168591,36037913000000.0,-0.46468836,0.008749698
1727315594.2870603,16651824000000.0,-0.45487818,0.009810166
1727315594.6503227,30895070000000.0,-0.4440798,0.010798405
1727315595.0110354,29907688000000.0,-0.43237212,0.011707653
1727315595.3801022,46816704000000.0,-0.41984016,0.012531962
1727315595.742961,17157184000000.0,-0.4065739,0.013266278
1727315596.1040213,46967997000000.0,-0.39266738,0.013906511
1727315596.4635875,40585570000000.0,-0.3782178,0.014449582
1727315596.819606,42452983000000.0,-0.3633243,0.014893466
1727315597.185431,27539374000000.0,-0.34808713,0.015237193
1727315597.5631492,32180414000000.0,-0.3326063,0.0154808415
1727315597.908106,43636760000000.0,-0.31698078,0.015625501
1727315598.2648437,38678000000000.0,-0.30130756,0.01567321
1727315598.6153665,19002760000000.0,-0.28568068,0.01562688
1727315598.9792573,26287614000000.0,-0.2701905,0.015490188
1727315599.338049,39333210000000.0,-0.25492302,0.015267477
1727315599.7043252,36528554000000.0,-0.23995939,0.014963621
1727315600.0716195,28706246000000.0,-0.22537549,0.014583906
1727315600.4523184,27382665000000.0,-0.21124159,0.0141338995
1727315600.809814,38226534000000.0,-0.19762225,0.013619331
1727315601.1473262,35862516000000.0,-0.18457627,0.013045975
1727315601.4797664,38284940000000.0,-0.17215672,0.012419551
1727315601.7956555,23057756000000.0,-0.16041109,0.011745632
1727315602.1175654,38356323000000.0,-0.14938152,0.011029569
1727315602.424105,18454610000000.0,-0.13910508,0.010276438
1727315602.7502172,27920618000000.0,-0.1296141,0.009490986
1727315603.0826333,30153464000000.0,-0.12093648,0.008677615
1727315603.4073787,39011385000000.0,-0.113096125,0.007840356
1727315603.7382843,28967805000000.0,-0.10611325,0.0069828765
1727315604.0712197,30309528000000.0,-0.10000476,0.0061084856
1727315604.4018774,33351138000000.0,-0.09478461,0.0052201548
1727315604.7325811,30888434000000.0,-0.09046406,0.004320547
1727315605.0550983,31634863000000.0,-0.08705201,0.0034120504
1727315605.3866773,28709111000000.0,-0.08455519,0.0024968202
1727315605.7133703,28145382000000.0,-0.08297836,0.0015768226
1727315606.0451534,38031197000000.0,-0.082324475,0.00065388426
1727315606.366935,44360444000000.0,-0.08259473,-0.00027025767
1727315606.6914876,50669357000000.0,-0.08378863,-0.0011939033
1727315607.0229957,27307470000000.0,-0.08590397,-0.0021153372
1727315607.3467536,34758118000000.0,-0.088936746,-0.0030327763
1727315607.6753998,32937190000000.0,-0.09288106,-0.0039443183
1727315608.0066688,32201912000000.0,-0.09772895,-0.004847892
1727315608.3407815,22923555000000.0,-0.10347016,-0.0057412116
1727315608.6677713,34953550000000.0,-0.110091895,-0.0066217324
1727315609.006809,28351329000000.0,-0.11757851,-0.007486615
1727315609.357681,19352923000000.0,-0.1259112,-0.008332693
1727315609.680683,30057058000000.0,-0.13506766,-0.009156451
1727315610.0053215,32929580000000.0,-0.14502166,-0.009954006
1727315610.3231797,39681794000000.0,-0.15574278,-0.010721113
1727315610.6474745,33142954000000.0,-0.16719595,-0.011453163
1727315610.9667778,37608900000000.0,-0.17934115,-0.012145214
1727315611.2851334,22569621000000.0,-0.19213317,-0.012792022
1727315611.6076853,32786940000000.0,-0.20552127,-0.013388098
1727315611.9386258,38405887000000.0,-0.21944904,-0.013927774
1727315612.2722344,34076866000000.0,-0.23385432,-0.014405285
1727315612.5995915,40075967000000.0,-0.24866919,-0.014814871
1727315612.9224176,17642738000000.0,-0.26382008,-0.015150882
1727315613.2447352,33141130000000.0,-0.27922797,-0.0154079
1727315613.5672998,28300196000000.0,-0.29480883,-0.015580865
1727315613.8921,39640657000000.0,-0.31047404,-0.015665198
1727315614.2113972,36571554000000.0,-0.32613096,-0.015656931
1727315614.5265872,44060857000000.0,-0.34168378,-0.0155528225
1727315614.8418896,21199170000000.0,-0.35703424,-0.01535046
1727315615.1611464,23897350000000.0,-0.3720826,-0.015048352
1727315615.4855094,32173644000000.0,-0.38672858,-0.014645994
1727315615.8119612,43251482000000.0,-0.4008725,-0.014143917
1727315616.1324394,38017746000000.0,-0.4144162,-0.013543709
1727315616.4579604,26708017000000.0,-0.4272642,-0.012848015
1727315616.7756503,31876620000000.0,-0.43932474,-0.012060508
1727315617.0980022,34003164000000.0,-0.4505106,-0.011185852
1727315617.4418774,19562687000000.0,-0.4607402,-0.010229631
1727315617.769991,39511470000000.0,-0.4699385,-0.009198281
1727315618.0968704,36914426000000.0,-0.47803748,-0.008098997
1727315618.4142063,31657100000000.0,-0.48497713,-0.006939644
1727315618.7378588,31668503000000.0,-0.4907058,-0.0057286588
1727315619.060493,35250630000000.0,-0.49518076,-0.004474956
1727315619.386663,27034910000000.0,-0.4983686,-0.0031878331
1727315619.7156682,36962000000000.0,-0.50024545,-0.0018768789
1727315620.0386448,52314700000000.0,-0.50079733,-0.0005518856
1727315620.367762,31832475000000.0,-0.5000201,0.00077723694
1727315620.6908429,35065660000000.0,-0.49791953,0.0021005443
1727315621.0364618,41081890000000.0,-0.4945114,0.0034081403
1727315621.3643103,40775744000000.0,-0.48982114,0.0046902616
1727315621.7027538,36171355000000.0,-0.48388377,0.0059373626
1727315622.0189352,35608730000000.0,-0.47674358,0.0071402043
1727315622.3336987,42574300000000.0,-0.46845365,0.008289946
1727315622.6537175,31134933000000.0,-0.4590754,0.009378241
1727315622.9805174,44587940000000.0,-0.44867805,0.010397333
1727315623.3066905,18971124000000.0,-0.4373379,0.011340146
1727315623.633468,36553162000000.0,-0.42513752,0.012200386
1727315623.9587762,20249737000000.0,-0.4121649,0.012972618
1727315624.2763672,36995804000000.0,-0.39851254,0.013652344
1727315624.6103365,37398495000000.0,-0.38427648,0.014236061
1727315624.9371893,38623156000000.0,-0.36955518,0.014721303
1727315625.2712548,37213237000000.0,-0.35444853,0.015106662
1727315625.6007507,33772465000000.0,-0.33905673,0.015391785
1727315625.9294581,37764120000000.0,-0.32347938,0.015577347
1727315626.255561,45457527000000.0,-0.3078144,0.015665002
1727315626.5818033,23988963000000.0,-0.29215708,0.01565731
1727315626.9053483,33323248000000.0,-0.27659944,0.015557642
1727315627.2310324,21525632000000.0,-0.26122937,0.01537008
1727315627.5555103,18391100000000.0,-0.24613008,0.015099293
1727315627.8766656,32775294000000.0,-0.23137967,0.01475041
1727315628.19555,31894159000000.0,-0.21705078,0.014328898
1727315628.5214355,26370430000000.0,-0.20321034,0.013840433
1727315628.84143,31742214000000.0,-0.18991956,0.013290785
1727315629.166402,30090056000000.0,-0.17723386,0.012685708
1727315629.4926434,36475700000000.0,-0.16520302,0.012030844
1727315629.8172011,27032407000000.0,-0.15387137,0.011331646
1727315630.1468396,36098250000000.0,-0.14327806,0.010593309
1727315630.4608567,40961970000000.0,-0.13345735,0.009820722
1727315630.7905703,40431572000000.0,-0.12443892,0.009018432
1727315631.1165943,21565668000000.0,-0.116248295,0.008190625
1727315631.4467735,27723600000000.0,-0.10890718,0.0073411195
1727315631.7667475,34997235000000.0,-0.10243381,0.0064733704
1727315632.08688,18399111000000.0,-0.096843325,0.0055904873
1727315632.4168012,22988791000000.0,-0.092148066,0.0046952567
1727315632.7425308,31683126000000.0,-0.08835789,0.0037901767
1727315633.074899,18038160000000.0,-0.08548039,0.0028774936
1727315633.3978314,35790830000000.0,-0.08352114,0.0019592468
1727315633.7223477,36245140000000.0,-0.08248383,0.0010373147
1727315634.0513353,30705392000000.0,-0.08237036,0.00011346518
1727315634.3788264,37339477000000.0,-0.08318096,-0.00081059255
1727315634.6958423,29129498000000.0,-0.08491411,-0.001733156
1727315635.0175743,21481656000000.0,-0.087566584,-0.0026524768
1727315635.3434718,31564713000000.0,-0.09113329,-0.0035667077
1727315635.6724336,32953959000000.0,-0.09560715,-0.004473854
1727315635.9985113,25720090000000.0,-0.10097887,-0.005371724
1727315636.3142903,27733009000000.0,-0.10723676,-0.006257885
1727315636.6423244,34394117000000.0,-0.11436638,-0.0071296254
1727315636.9804468,40807650000000.0,-0.1223503,-0.007983917
1727315637.2983518,35054400000000.0,-0.1311677,-0.0088173915
1727315637.6384275,30420633000000.0,-0.14079401,-0.009626321
1727315637.970942,35042921000000.0,-0.15120062,-0.010406608
1727315638.2989082,29469536000000.0,-0.16235441,-0.011153794
1727315638.611632,31672270000000.0,-0.17421748,-0.0118630715
1727315638.9402204,37859273000000.0,-0.18674679,-0.012529317
1727315639.2567325,43241886000000.0,-0.19989392,-0.013147136
1727315639.5686407,43292790000000.0,-0.21360485,-0.013710924
1727315639.890932,31477234000000.0,-0.2278198,-0.014214947
1727315640.2114553,20158018000000.0,-0.24247323,-0.014653429
1727315640.5329075,27319547000000.0,-0.25749388,-0.015020661
1727315640.8542807,34738237000000.0,-0.272805,-0.015311114
1727315641.1776226,37860050000000.0,-0.28832456,-0.015519561
1727315641.503115,35619267000000.0,-0.30396578,-0.015641212
1727315641.8279781,43093310000000.0,-0.3196376,-0.015671829
1727315642.1530418,32570857000000.0,-0.33524546,-0.015607854
1727315642.4829352,33896194000000.0,-0.35069197,-0.01544652
1727315642.8255756,22494684000000.0,-0.36587793,-0.015185944
1727315643.1416707,56070974000000.0,-0.38070312,-0.0148252025
1727315643.465842,34219248000000.0,-0.3950675,-0.014364395
1727315643.7850862,26381176000000.0,-0.4088722,-0.013804669
1727315644.1166918,39183024000000.0,-0.4220204,-0.0131482305
1727315644.4509165,39202792000000.0,-0.43441874,-0.012398331
1727315644.7682827,18592720000000.0,-0.44597796,-0.011559231
1727315645.1007853,36964254000000.0,-0.4566141,-0.010636141
1727315645.473507,44172858000000.0,-0.46624926,-0.009635151
1727315645.8195019,31676036000000.0,-0.47481242,-0.008563153
1727315646.1420062,26046238000000.0,-0.48224017,-0.0074277464
1727315646.4865568,35082717000000.0,-0.48847732,-0.006237141
1727315646.8035147,34865863000000.0,-0.49347737,-0.0050000646
1727315647.1328013,29927090000000.0,-0.49720305,-0.0037256677
1727315647.453641,34781511000000.0,-0.4996265,-0.0024234287
1727315647.7821736,52701904000000.0,-0.50072956,-0.0011030659
1727315648.1222665,27529713000000.0,-0.500504,0.0002255495
1727315648.4495943,23481503000000.0,-0.49895155,0.0015524774
1727315648.778315,39695310000000.0,-0.49608377,0.0028677916
1727315649.097774,17446244000000.0,-0.4919221,0.0041616634
1727315649.4193826,43531260000000.0,-0.48649767,0.005424446
1727315649.7435768,29420658000000.0,-0.47985092,0.0066467617
1727315650.0554266,31365393000000.0,-0.47203133,0.007819594
1727315650.3764994,35930954000000.0,-0.46309695,0.008934379
1727315650.6997712,31514680000000.0,-0.45311385,0.009983102
1727315651.0238569,43897780000000.0,-0.44215545,0.010958396
1727315651.3383627,24233097000000.0,-0.43030182,0.011853631
1727315651.655551,25733588000000.0,-0.4176388,0.012663004
1727315651.977726,36242268000000.0,-0.40425718,0.013381621
1727315652.2983797,50850170000000.0,-0.3902516,0.014005559
1727315652.6215646,30381605000000.0,-0.3757197,0.014531917
1727315652.9492018,45854786000000.0,-0.36076084,0.014958848
1727315653.2698038,18947550000000.0,-0.3454753,0.015285563
1727315653.5876846,33516304000000.0,-0.32996297,0.015512315
1727315653.9042218,31485180000000.0,-0.31432262,0.015640358
1727315654.2239733,29794140000000.0,-0.29865074,0.015671887
1727315654.5432622,42579890000000.0,-0.2830408,0.015609948
1727315654.8597534,20593620000000.0,-0.26758245,0.015458343
1727315655.18198,24859906000000.0,-0.25236094,0.015221509
1727315655.5006082,24958508000000.0,-0.23745653,0.014904402
1727315655.8179815,35947620000000.0,-0.22294417,0.014512364
1727315656.1375337,27074845000000.0,-0.20889316,0.014050999
1727315656.4564724,36750345000000.0,-0.19536711,0.01352605
1727315656.7781212,28347392000000.0,-0.18242382,0.012943292
1727315657.0993419,27338035000000.0,-0.1701154,0.012308423
1727315657.4114008,26731107000000.0,-0.15848841,0.011626985
1727315657.7352884,34722363000000.0,-0.14758413,0.010904285
1727315658.0719128,35421340000000.0,-0.13743877,0.010145346
1727315658.4167285,32358544000000.0,-0.12808391,0.009354858
1727315658.77482,29204584000000.0,-0.119546756,0.008537159
1727315659.1563594,33111251000000.0,-0.11185054,0.007696222
1727315659.5798633,31513951000000.0,-0.10501489,0.00683565
1727315659.92642,37882056000000.0,-0.0990562,0.005958694
1727315660.2916374,19700954000000.0,-0.09398793,0.0050682705
1727315660.6434433,25861573000000.0,-0.08982094,0.0041669933
1727315661.00145,30938128000000.0,-0.08656373,0.0032572083
1727315661.3784034,39651696000000.0,-0.0842227,0.002341035
1727315661.709632,29560379000000.0,-0.08280228,0.0014204129
1727315662.0549307,33620561000000.0,-0.08230513,0.00049714954
1727315662.402092,39563280000000.0,-0.08273216,-0.00042702784
1727315662.7342854,34800218000000.0,-0.08408258,-0.0013504204
1727315663.0937572,34862277000000.0,-0.08635388,-0.002271305
1727315663.4920235,28339811000000.0,-0.08954176,-0.003187882
1727315663.8187532,30858200000000.0,-0.093639985,-0.0040982235
1727315664.1497078,46046810000000.0,-0.09864021,-0.0050002257
1727315664.4725838,30682892000000.0,-0.10453177,-0.005891561
1727315664.8143916,32471750000000.0,-0.11130141,-0.0067696376
1727315665.1407473,22990840000000.0,-0.11893297,-0.0076315627
1727315665.4768157,35740360000000.0,-0.12740709,-0.008474112
1727315665.8241038,38147182000000.0,-0.1367008,-0.009293708
1727315666.206714,41577260000000.0,-0.1467872,-0.010086408
1727315666.5476136,29394108000000.0,-0.1576351,-0.010847902
1727315666.8710063,38787990000000.0,-0.16920862,-0.011573524
1727315667.206646,28429068000000.0,-0.18146689,-0.012258277
1727315667.5404706,37070966000000.0,-0.19436376,-0.012896872
1727315667.8871357,33761658000000.0,-0.20784754,-0.013483783
1727315668.231221,32171574000000.0,-0.22186086,-0.01401332
1727315668.576893,40699210000000.0,-0.23634057,-0.0144797135
1727315668.9065907,39076490000000.0,-0.25121778,-0.014877211
1727315669.2349539,37437754000000.0,-0.26641798,-0.015200196
1727315669.5694318,32846329000000.0,-0.28186128,-0.0154433
1727315669.920625,27469994000000.0,-0.29746282,-0.015601536
1727315670.2678967,35040856000000.0,-0.31313324,-0.015670422
1727315670.60559,29857212000000.0,-0.32877934,-0.015646104
1727315670.9340067,34223579000000.0,-0.3443048,-0.015525473
1727315671.2726612,44419974000000.0,-0.35961106,-0.015306269
1727315671.6158695,35826184000000.0,-0.37459823,-0.014987161
1727315671.9400983,52703087000000.0,-0.38916606,-0.01456782
1727315672.2765856,37934870000000.0,-0.40321502,-0.014048955
1727315672.6020637,47712790000000.0,-0.41664734,-0.013432334
1727315672.9334753,31162804000000.0,-0.4293681,-0.012720778
1727315673.2769382,25372960000000.0,-0.44128624,-0.011918132
1727315673.6033976,23569110000000.0,-0.45231545,-0.011029221
1727315673.9268923,36348954000000.0,-0.46237522,-0.01005978
1727315674.2593737,32681568000000.0,-0.47139162,-0.00901638
1727315674.5766814,40342510000000.0,-0.47929797,-0.0079063345
1727315674.907006,16502707000000.0,-0.4860356,-0.006737613
1727315675.2375386,35857800000000.0,-0.49155432,-0.005518741
1727315675.5667992,35846854000000.0,-0.495813,-0.0042587044
1727315675.8895192,41338930000000.0,-0.49877986,-0.0029668564
1727315676.218684,22550540000000.0,-0.50043267,-0.0016528262
1727315676.5533338,45526725000000.0,-0.5007591,-0.00032643217
1727315676.8816485,45381710000000.0,-0.49975672,0.0010024045
1727315677.198216,27269825000000.0,-0.49743298,0.0023237416
1727315677.5258484,51141136000000.0,-0.4938053,0.0036276996
1727315677.8570762,41291883000000.0,-0.48890075,0.004904546
1727315678.1834831,29977160000000.0,-0.48275596,0.00614478
1727315678.5015445,22697556000000.0,-0.47541672,0.007339225
1727315678.8326795,39172044000000.0,-0.4669376,0.0084791165
1727315679.1718943,36284000000000.0,-0.4573814,0.009556201
1727315679.5018048,34377428000000.0,-0.44681856,0.010562831
1727315679.8340864,31736415000000.0,-0.43532652,0.011492058
1727315680.181568,37378750000000.0,-0.4229888,0.012337727
1727315680.5283985,21942705000000.0,-0.40989426,0.0130945565
1727315680.864382,32764577000000.0,-0.39613605,0.013758215
1727315681.1994195,23224704000000.0,-0.38181067,0.014325372
1727315681.5293958,33952367000000.0,-0.3670169,0.014793741
1727315681.8644624,34773366000000.0,-0.35185483,0.015162092
1727315682.2046762,34040447000000.0,-0.3364246,0.01543025
1727315682.5351512,34323814000000.0,-0.32082552,0.015599061
1727315682.861298,41823196000000.0,-0.3051552,0.015670337
1727315683.2020328,28120248000000.0,-0.2895084,0.015646784
1727315683.5328422,31527136000000.0,-0.2739765,0.015531901
1727315683.8601792,37381320000000.0,-0.25864664,0.015329879
1727315684.1850445,41504960000000.0,-0.24360117,0.0150454715
1727315684.5142577,40453315000000.0,-0.2289173,0.014683875
1727315684.8503835,23336642000000.0,-0.2146667,0.014250602
1727315685.1816514,28536228000000.0,-0.20091534,0.01375135
1727315685.531214,28080708000000.0,-0.18772344,0.013191896
1727315685.8900635,39994360000000.0,-0.17514546,0.012577979
1727315686.2655914,44276340000000.0,-0.16323024,0.011915216
1727315686.637983,36802660000000.0,-0.15202121,0.01120902
1727315687.016725,38300140000000.0,-0.14155668,0.010464538
1727315687.3764079,46151265000000.0,-0.13187008,0.009686601
1727315687.7129056,34217180000000.0,-0.12299038,0.008879698
1727315688.0599198,22417898000000.0,-0.114942424,0.00804795
1727315688.409205,43484115000000.0,-0.10774731,0.007195116
1727315688.7519886,38721840000000.0,-0.10142272,0.0063245893
1727315689.0978043,31790362000000.0,-0.0959833,0.005439423
1727315689.4467063,37454497000000.0,-0.091440946,0.0045423526
1727315689.805605,23801297000000.0,-0.087805115,0.0036358305
1727315690.163124,31037560000000.0,-0.08508305,0.0027220647
1727315690.4972372,32398404000000.0,-0.08327999,0.0018030637
1727315690.8688307,45850873000000.0,-0.08239931,0.00088068366
1727315691.250586,33383718000000.0,-0.08244263,-4.3320997e-05
1727315691.604493,34545148000000.0,-0.083409876,-0.00096724613
1727315691.9553056,34512790000000.0,-0.08529926,-0.001889385
1727315692.2879782,31739783000000.0,-0.088107236,-0.0028079762
1727315692.633315,25452308000000.0,-0.09182838,-0.003721151
1727315692.9888098,38020137000000.0,-0.09645527,-0.0046268846
1727315693.3203783,38347810000000.0,-0.10197821,-0.0055229473
1727315693.6618643,35668546000000.0,-0.10838507,-0.006406862
1727315694.0077357,30587583000000.0,-0.115660936,-0.0072758645
1727315694.3405752,36176312000000.0,-0.123787805,-0.008126872
1727315694.6828477,19890530000000.0,-0.13274427,-0.008956456
1727315695.024486,22830006000000.0,-0.1425051,-0.009760825
1727315695.3551044,25002051000000.0,-0.15304092,-0.010535822
1727315695.6795263,39120223000000.0,-0.16431785,-0.011276926
1727315696.0063872,24969795000000.0,-0.17629711,-0.0119792735
1727315696.3298087,24649630000000.0,-0.1889348,-0.012637691
1727315696.6743803,27975668000000.0,-0.20218155,-0.013246743
1727315697.016807,34802837000000.0,-0.21598235,-0.0138008
1727315697.3585706,38759780000000.0,-0.23027647,-0.014294111
1727315697.6881075,29147825000000.0,-0.24499737,-0.014720906
1727315698.0166426,30329930000000.0,-0.26007286,-0.0150754955
1727315698.3351307,25291454000000.0,-0.27542526,-0.015352395
1727315698.6683056,24269786000000.0,-0.2909717,-0.015546444
1727315699.0036814,20323538000000.0,-0.30662462,-0.015652934
1727315699.3488657,39920857000000.0,-0.32229236,-0.015667735
1727315699.6799338,26961860000000.0,-0.33787978,-0.0155874165
1727315700.0145168,37003983000000.0,-0.35328913,-0.015409355
1727315700.3467872,24862398000000.0,-0.36842096,-0.015131825
1727315700.6736457,40442360000000.0,-0.38317505,-0.014754074
1727315701.0151122,48329630000000.0,-0.39745143,-0.014276376
1727315701.3451798,24977017000000.0,-0.4111515,-0.013700059
1727315701.7158709,25396200000000.0,-0.42417902,-0.013027509
1727315702.0848505,16499050000000.0,-0.43644118,-0.012262151
1727315702.445529,31540617000000.0,-0.4478496,-0.011408409
1727315702.812815,38548464000000.0,-0.45832124,-0.01047165
1727315703.1736479,27888129000000.0,-0.46777934,-0.009458109
1727315703.5001888,43478580000000.0,-0.47615415,-0.008374801
1727315703.836641,28948568000000.0,-0.4833836,-0.0072294353
1727315704.1936522,48447930000000.0,-0.48941392,-0.006030318
1727315704.5569384,24972830000000.0,-0.49420017,-0.0047862553
1727315704.9065042,41128934000000.0,-0.49770662,-0.003506459
1727315705.2428267,22271910000000.0,-0.49990708,-0.002200455
1727315705.5799897,25858230000000.0,-0.50078505,-0.0008779931
1727315705.9097285,36382685000000.0,-0.500334,0.00045103751
1727315706.236604,36696217000000.0,-0.49855733,0.0017766935
1727315706.573715,24906568000000.0,-0.49546826,0.0030890594
1727315706.9091797,27250196000000.0,-0.49108994,0.004378331
1727315707.2386143,42421967000000.0,-0.48545504,0.005634901
1727315707.576991,29386397000000.0,-0.4786056,0.006849447
1727315707.9594307,29696908000000.0,-0.4705926,0.008013022
1727315708.4506614,40598946000000.0,-0.46147543,0.009117149
1727315708.8001626,32959540000000.0,-0.4513215,0.010153917
1727315709.1386566,31042746000000.0,-0.44020543,0.011116075
1727315709.4758558,40970660000000.0,-0.4282083,0.01199713
1727315709.8195755,31048948000000.0,-0.41541687,0.012791426
1727315710.155519,23712663000000.0,-0.40192264,0.01349423
1727315710.4934645,32809710000000.0,-0.38782084,0.01410179
1727315710.839807,26181255000000.0,-0.37320945,0.014611384
1727315711.185351,29967717000000.0,-0.3581881,0.015021342
1727315711.518913,32568932000000.0,-0.34285703,0.015331053
1727315711.8591425,26574831000000.0,-0.32731608,0.015540945
1727315712.1998472,30352062000000.0,-0.31166363,0.015652437
1727315712.5507405,26333057000000.0,-0.29599574,0.015667873
1727315712.9255617,24017970000000.0,-0.2804053,0.015590436
1727315713.2784553,40612846000000.0,-0.26498127,0.015424044
1727315713.6067336,26709190000000.0,-0.24980804,0.015173231
1727315713.941468,28346031000000.0,-0.23496501,0.014843028
1727315714.2910903,13390637000000.0,-0.22052619,0.014438829
1727315714.6347003,35895290000000.0,-0.20655991,0.013966271
1727315714.9885056,34661332000000.0,-0.19312881,0.0134311095
1727315715.35826,40347023000000.0,-0.1802897,0.012839112
1727315715.7078617,37187173000000.0,-0.16809374,0.012195959
1727315716.0594578,38401403000000.0,-0.15658659,0.0115071535
1727315716.4067113,45140496000000.0,-0.14580862,0.0107779605
1727315716.7336469,29121208000000.0,-0.13579528,0.0100133475
1727315717.063978,34959316000000.0,-0.12657733,0.009217949
1727315717.3998067,23546407000000.0,-0.118181296,0.008396039
1727315717.7215428,37936037000000.0,-0.11062977,0.0075515267
1727315718.043397,40012125000000.0,-0.10394181,0.0066879555
1727315718.3765328,28720186000000.0,-0.098133296,0.005808518
1727315718.7146611,41253765000000.0,-0.09321722,0.0049160765
1727315719.0422513,42184586000000.0,-0.08920402,0.0040131975
1727315719.3707647,37114930000000.0,-0.08610184,0.0031021847
1727315719.7129784,37158606000000.0,-0.08391672,0.0021851242
1727315720.0400856,48185838000000.0,-0.082652785,0.0012639293
1727315720.3629878,24457542000000.0,-0.0823124,0.0003403905
1727315720.7152746,39439137000000.0,-0.08289617,-0.00058377354
1727315721.038093,38640755000000.0,-0.08440304,-0.0015068636
1727315721.358649,34332459000000.0,-0.086830184,-0.0024271472
1727315721.6878111,30525750000000.0,-0.09017299,-0.0033428066
1727315722.0183635,45724670000000.0,-0.09442488,-0.0042518876
1727315722.3471675,36592886000000.0,-0.09957713,-0.0051522506
1727315722.6722844,29316033000000.0,-0.105618656,-0.0060415273
1727315722.989564,37094450000000.0,-0.11253573,-0.0069170767
1727315723.321985,36017990000000.0,-0.120311685,-0.0077759516
1727315723.6546788,23522169000000.0,-0.12892656,-0.008614869
1727315723.9834301,41370044000000.0,-0.13835675,-0.009430191
1727315724.3142405,39304390000000.0,-0.14857465,-0.010217911
1727315724.6268237,29448007000000.0,-0.15954831,-0.0109736575
1727315724.9382105,34717827000000.0,-0.17124102,-0.011692707
1727315725.2626843,38649127000000.0,-0.18361102,-0.01237001
1727315725.5884173,38379990000000.0,-0.19661126,-0.013000232
1727315725.9120195,20396244000000.0,-0.21018907,-0.013577815
1727315726.2429004,23571850000000.0,-0.22428612,-0.014097048
1727315726.5879068,43659563000000.0,-0.23883829,-0.014552156
1727315726.9166708,22088367000000.0,-0.2537757,-0.014937405
1727315727.2446988,15767090000000.0,-0.26902288,-0.015247207
1727315727.561407,22380703000000.0,-0.28449914,-0.015476254
1727315727.8867803,41468564000000.0,-0.30011877,-0.015619633
1727315728.2113948,46619764000000.0,-0.31579173,-0.01567296
1727315728.5349667,25805537000000.0,-0.33142424,-0.015632499
1727315728.8644078,38820510000000.0,-0.3469195,-0.015495281
1727315729.1967325,33061863000000.0,-0.3621787,-0.015259196
1727315729.5279384,43513958000000.0,-0.37710178,-0.014923081
1727315729.8523896,30318443000000.0,-0.39158857,-0.014486778
1727315730.1868975,24978483000000.0,-0.40553975,-0.013951176
1727315730.5038784,27677096000000.0,-0.41885796,-0.013318222
1727315730.8310523,19423098000000.0,-0.43144888,-0.012590915
1727315731.1606266,28672478000000.0,-0.44322214,-0.01177327
1727315731.4836252,33898833000000.0,-0.4540924,-0.0108702695
1727315731.8015873,25790889000000.0,-0.4639802,-0.009887798
1727315732.1195166,19863265000000.0,-0.47281274,-0.008832557
1727315732.4368198,31190375000000.0,-0.48052472,-0.0077119805
1727315732.7556357,40631695000000.0,-0.48705885,-0.0065341378
1727315733.0668514,36927458000000.0,-0.4923665,-0.0053076386
1727315733.3799858,42903687000000.0,-0.49640805,-0.004041538
1727315733.6943064,28295433000000.0,-0.4991533,-0.0027452426
1727315734.0178614,29682754000000.0,-0.5005817,-0.0014284194
1727315734.3481712,40333600000000.0,-0.5006826,-0.00010091043
1727315734.6589282,24657277000000.0,-0.49945524,0.0012273536
1727315734.975755,20834945000000.0,-0.4969088,0.0025464355
1727315735.2957695,40757084000000.0,-0.49306235,0.0038464745
1727315735.6142726,37574100000000.0,-0.48794457,0.005117771
1727315735.9287248,30081215000000.0,-0.4815937,0.0063508744
1727315736.2450488,28193132000000.0,-0.47405702,0.0075366693
1727315736.5685015,33553778000000.0,-0.46539053,0.0086664725
1727315736.8840454,33805042000000.0,-0.4556584,0.009732126
1727315737.202052,43555486000000.0,-0.4449323,0.010726094
1727315737.518761,36905517000000.0,-0.43329075,0.011641557
1727315737.833459,24333064000000.0,-0.42081824,0.012472503
1727315738.1529882,38693767000000.0,-0.40760443,0.013213806
1727315738.4725068,42490080000000.0,-0.39374313,0.0138612995
1727315738.7849152,40729137000000.0,-0.3793313,0.01441183
1727315739.1065109,32975576000000.0,-0.364468,0.014863289
1727315739.4206033,37580775000000.0,-0.3492534,0.015214628
1727315739.739835,41420590000000.0,-0.33378753,0.015465846
1727315740.0569224,36597517000000.0,-0.31816956,0.015617958
1727315740.3776188,37872132000000.0,-0.30249664,0.015672933
1727315740.7046568,34185046000000.0,-0.28686303,0.01563362
1727315741.0231836,51139345000000.0,-0.27135938,0.015503643
1727315741.3366084,26179887000000.0,-0.25607207,0.015287296
1727315741.6552863,32865463000000.0,-0.24108265,0.014989418
1727315741.9708738,34001044000000.0,-0.22646739,0.0146152675
1727315742.2881324,34579033000000.0,-0.21229699,0.014170396
1727315742.6043313,27028946000000.0,-0.19863647,0.013660525
1727315742.980626,34824790000000.0,-0.18554504,0.013091429
1727315743.3153813,39542376000000.0,-0.17307621,0.012468835
1727315743.6279655,25259716000000.0,-0.16127788,0.01179833
1727315743.9402034,47482822000000.0,-0.15019259,0.011085284
1727315744.2611487,48337965000000.0,-0.1398578,0.010334794
1727315744.5824096,23852110000000.0,-0.13030615,0.009551638
1727315744.9277468,33144904000000.0,-0.121565916,0.008740239
1727315745.2769916,28833118000000.0,-0.11366126,0.00790466
1727315745.5967867,28402663000000.0,-0.10661267,0.0070485948
1727315745.9115903,35644257000000.0,-0.10043729,0.006175379
1727315746.2367392,28640096000000.0,-0.09514928,0.005288009
1727315746.5582783,25513983000000.0,-0.09076011,0.00438917
1727315746.8849387,39156328000000.0,-0.08727884,0.0034812698
1727315747.2165241,44142270000000.0,-0.084712364,0.0025664794
1727315747.5295498,23236136000000.0,-0.083065584,0.0016467778
1727315747.8494463,45145597000000.0,-0.08234158,0.00072400074
1727315748.2346897,37395360000000.0,-0.08254169,-0.00020010982
1727315748.598745,40182447000000.0,-0.08366554,-0.0011238529
1727315748.938334,47232628000000.0,-0.08571106,-0.0020455164
1727315749.2864044,24463650000000.0,-0.08867439,-0.0029633238
1727315749.650396,38986150000000.0,-0.09254977,-0.0038753839
1727315749.967409,43622095000000.0,-0.09732941,-0.00477964
1727315750.2875516,35798645000000.0,-0.10300323,-0.005673824
1727315750.6166496,42901430000000.0,-0.10955864,-0.006555412
1727315750.9408724,27290814000000.0,-0.11698023,-0.0074215885
1727315751.2694833,38509205000000.0,-0.12524945,-0.008269213
1727315751.594968,38832100000000.0,-0.13434424,-0.009094796
1727315751.9220877,22988670000000.0,-0.14423873,-0.009894486
1727315752.2430139,23391522000000.0,-0.15490279,-0.010664061
1727315752.5577562,36177537000000.0,-0.16630173,-0.011398941
1727315752.8636155,24887180000000.0,-0.17839594,-0.012094209
1727315753.1795878,37032877000000.0,-0.19114058,-0.012744641
1727315753.4971428,28374412000000.0,-0.20448534,-0.013344765
1727315753.816817,29275246000000.0,-0.21837427,-0.0138889225
1727315754.1324108,43158930000000.0,-0.23274562,-0.014371355
1727315754.4543798,39090970000000.0,-0.24753192,-0.014786297
1727315754.778168,32712476000000.0,-0.26266,-0.015128087
1727315755.098102,26487405000000.0,-0.2780513,-0.015391285
1727315755.425099,44248840000000.0,-0.29362208,-0.015570796
1727315755.7437274,26660360000000.0,-0.3092841,-0.015662005
1727315756.0668507,37085113000000.0,-0.32494497,-0.015660891
1727315756.4003742,36222240000000.0,-0.34050912,-0.015564153
1727315756.721536,21007413000000.0,-0.35587844,-0.015369313
1727315757.0356383,48116160000000.0,-0.37095326,-0.015074805
1727315757.3652065,33442614000000.0,-0.38563332,-0.014680051
1727315757.6830351,21242070000000.0,-0.3998188,-0.0141855
1727315758.0067909,29172754000000.0,-0.41341147,-0.013592661
1727315758.3321123,30163276000000.0,-0.42631558,-0.012904098
1727315758.655652,35913887000000.0,-0.43843898,-0.012123409
1727315758.9681525,24896111000000.0,-0.44969416,-0.011255182
1727315759.2868276,22126400000000.0,-0.45999908,-0.010304937
1727315759.6135883,28883808000000.0,-0.46927813,-0.009279046
1727315759.938155,49953500000000.0,-0.47746277,-0.00818465
1727315760.2769322,34557705000000.0,-0.48449233,-0.0070295664
1727315760.596801,36631646000000.0,-0.4903145,-0.0058221924
1727315760.9267864,27978580000000.0,-0.49488592,-0.00457141
1727315761.249595,41403317000000.0,-0.4981724,-0.00328649
1727315761.5785224,41601100000000.0,-0.5001494,-0.001977003
1727315761.8930614,32563486000000.0,-0.50080216,-0.000652728
1727315762.2166965,27049210000000.0,-0.5001257,0.0006764306
1727315762.5341742,35165830000000.0,-0.49812517,0.002000528
1727315762.849752,44921600000000.0,-0.4948155,0.0033096618
1727315763.1758778,19568823000000.0,-0.49022144,0.0045940555
1727315763.50888,35942107000000.0,-0.4843773,0.0058441437
1727315763.821421,25858192000000.0,-0.47732663,0.007050661
1727315764.159901,39943024000000.0,-0.4691219,0.008204733
1727315764.484778,27733292000000.0,-0.45982394,0.009297973
1727315764.802631,32493150000000.0,-0.44950137,0.010322574
1727315765.1206539,29929136000000.0,-0.43822995,0.011271409
1727315765.436828,39739330000000.0,-0.42609182,0.012138119
1727315765.7591913,38206280000000.0,-0.41317463,0.012917202
1727315766.0781832,33745225000000.0,-0.39957055,0.013604086
1727315766.3982904,33035464000000.0,-0.38537535,0.014195191
1727315766.725511,26229458000000.0,-0.37068737,0.01468797
1727315767.0439577,20066022000000.0,-0.35560644,0.015080936
1727315767.3719208,21090672000000.0,-0.3402328,0.0153736565
1727315767.6968303,36298287000000.0,-0.32466605,0.01556673
1727315768.0164282,27421460000000.0,-0.3090043,0.015661737
1727315768.4180493,28694226000000.0,-0.29334313,0.015661173
1727315768.741718,37613877000000.0,-0.27777478,0.015568351
1727315769.0669622,23427200000000.0,-0.26238748,0.015387304
1727315769.3876405,38879760000000.0,-0.24726483,0.015122659
1727315769.8348575,32226220000000.0,-0.23248532,0.014779516
1727315770.164288,45716470000000.0,-0.218122,0.014363319
1727315770.4932992,21458030000000.0,-0.20424227,0.013879734
1727315770.8186893,35530146000000.0,-0.19090775,0.013334527
1727315771.1376274,33628854000000.0,-0.17817429,0.012733456
1727315771.4627457,21469074000000.0,-0.16609211,0.012082176
1727315771.7829788,25392465000000.0,-0.15470596,0.011386157
1727315772.0967069,31920082000000.0,-0.14405534,0.010650615
1727315772.4133708,34391988000000.0,-0.13417487,0.009880464
1727315772.732555,39097045000000.0,-0.1250946,0.009080276
1727315773.0573988,28384371000000.0,-0.116840325,0.008254266
1727315773.3794866,42026624000000.0,-0.109434046,0.0074062813
1727315773.7008214,25493080000000.0,-0.10289424,0.0065398035
1727315774.0209436,31425135000000.0,-0.097236276,0.005657967
1727315774.339633,36626483000000.0,-0.092472695,0.0047635827
1727315774.6587687,31778608000000.0,-0.088613525,0.0038591684
1727315774.9737906,36796840000000.0,-0.08566654,0.0029469884
1727315775.289724,30733706000000.0,-0.08363744,0.002029096
1727315775.6113307,38206420000000.0,-0.08253006,0.0011073803
1727315775.9365025,26585290000000.0,-0.08234645,0.00018361575
1727315776.2613647,36801520000000.0,-0.08308693,-0.0007404859
1727315776.5815961,30196032000000.0,-0.08475015,-0.0016632235
1727315776.9048562,24555475000000.0,-0.08733301,-0.0025828537
1727315777.2302475,34228478000000.0,-0.09083055,-0.003497539
1727315777.5472367,38282900000000.0,-0.09523585,-0.0044052973
1727315777.8653722,35953370000000.0,-0.1005398,-0.005303954
1727315778.1884253,37454530000000.0,-0.1067309,-0.0061910953
1727315778.5053606,30185403000000.0,-0.11379493,-0.0070640324
1727315778.8358912,19975320000000.0,-0.12171469,-0.007919762
1727315779.1626647,32037690000000.0,-0.13046964,-0.0087549435
1727315779.4909356,28421405000000.0,-0.14003551,-0.009565875
1727315779.8315725,40446424000000.0,-0.150384,-0.010348489
1727315780.1539738,39515020000000.0,-0.16148235,-0.011098352
1727315780.4849944,39456376000000.0,-0.17329304,-0.011810684
1727315780.8165765,30821967000000.0,-0.18577342,-0.012480382
1727315781.1310148,20626276000000.0,-0.19887549,-0.01310207
1727315781.4414542,31463932000000.0,-0.21254565,-0.0136701595
1727315781.7596009,33377516000000.0,-0.22672457,-0.0141789215
1727315782.084906,34263685000000.0,-0.24134715,-0.01462258
1727315782.410064,33229680000000.0,-0.25634256,-0.014995417
1727315782.7251675,32230036000000.0,-0.27163446,-0.015291885
1727315783.047495,45141850000000.0,-0.2871412,-0.015506731
1727315783.3705451,33485612000000.0,-0.30277634,-0.015635125
1727315783.6969526,36228955000000.0,-0.3184491,-0.015672786
1727315784.0197368,21447360000000.0,-0.3340652,-0.015616099
1727315784.3400645,33567690000000.0,-0.34952742,-0.015462233
1727315784.6585991,30062536000000.0,-0.36473665,-0.015209233
1727315784.9679108,39144647000000.0,-0.37959275,-0.014856105
1727315785.2967045,23323294000000.0,-0.3939956,-0.014402865
1727315785.6203089,29441451000000.0,-0.40784618,-0.013850583
1727315785.9410176,28635843000000.0,-0.42104757,-0.013201384
1727315786.2610717,25235179000000.0,-0.433506,-0.012458442
1727315786.5831084,42322385000000.0,-0.44513196,-0.011625941
1727315786.9122236,36465260000000.0,-0.45584098,-0.010709022
1727315787.2383518,20605468000000.0,-0.46555468,-0.009713713
1727315787.554513,38328850000000.0,-0.47420153,-0.008646847
1727315787.8789873,37141180000000.0,-0.4817175,-0.0075159715
1727315788.210892,25689349000000.0,-0.48804677,-0.006329255
1727315788.5669227,30268413000000.0,-0.49314216,-0.00509539
1727315788.8977854,32726787000000.0,-0.49696565,-0.003823497
1727315789.2305243,20133993000000.0,-0.49948868,-0.0025230332
1727315789.5569232,31829422000000.0,-0.50069237,-0.0012037012
1727315789.8767588,31680692000000.0,-0.50056773,0.00012463587
1727315790.2184408,44774464000000.0,-0.4991157,0.0014520405
1727315790.5469413,30932103000000.0,-0.49634713,0.0027685824
1727315790.8693857,31867684000000.0,-0.49228272,0.0040644226
1727315791.1957793,32804304000000.0,-0.4869528,0.0053298976
1727315791.532686,43567456000000.0,-0.4803972,0.006555606
1727315791.8564477,42875280000000.0,-0.47266468,0.007732501
1727315792.1806095,22736735000000.0,-0.4638127,0.00885198
1727315792.501649,42414086000000.0,-0.45390671,0.009905985
1727315792.824051,35154120000000.0,-0.44301963,0.010887094
1727315793.1394982,39932127000000.0,-0.43123102,0.011788619
1727315793.4654999,22239188000000.0,-0.41862634,0.012604692
1727315793.7903337,33436962000000.0,-0.405296,0.013330348
1727315794.1123164,31626411000000.0,-0.3913344,0.013961587
1727315794.4390182,35436135000000.0,-0.37683898,0.0144954305
1727315794.7582052,38850697000000.0,-0.36190903,0.01492995
1727315795.082511,46240515000000.0,-0.34664476,0.015264276
1727315795.4165428,29268280000000.0,-0.33114618,0.015498584
1727315795.7764544,22339834000000.0,-0.31551212,0.015634054
1727315796.1197643,40285630000000.0,-0.29983932,0.015672812
1727315796.4665718,33609070000000.0,-0.28422147,0.015617844
1727315796.8209934,24981510000000.0,-0.26874858,0.015472896
1727315797.1749113,43239717000000.0,-0.2535062,0.015242364
1727315797.513075,22949642000000.0,-0.23857504,0.0149311675
1727315797.8567667,46554036000000.0,-0.22403042,0.014544623
1727315798.193554,42163635000000.0,-0.2099421,0.01408832
1727315798.5328503,42888558000000.0,-0.1963741,0.013567995
1727315798.857646,35174601000000.0,-0.18338469,0.012989423
1727315799.1782885,26904490000000.0,-0.17102638,0.012358313
1727315799.4955523,29507400000000.0,-0.15934616,0.01168022
1727315799.821192,30914390000000.0,-0.14838569,0.010960473
1727315800.1369421,17186191000000.0,-0.13818157,0.010204115
1727315800.4644444,39431800000000.0,-0.1287657,0.009415866
1727315800.8017871,28372537000000.0,-0.120165616,0.00860009
1727315801.1387742,44602250000000.0,-0.11240483,0.0077607855
1727315801.455555,33043966000000.0,-0.105503246,0.0069015855
1727315801.780399,41035296000000.0,-0.09947748,0.0060257665
1727315802.101724,49776920000000.0,-0.0943412,0.00513627
1727315802.4466014,44556154000000.0,-0.090105474,0.0042357314
1727315802.7785025,37564860000000.0,-0.08677896,0.0033265152
1727315803.099573,39081450000000.0,-0.08436821,0.002410757
1727315803.4506426,34509618000000.0,-0.0828778,0.0014904077
1727315803.7938302,39610450000000.0,-0.08231051,0.0005672837
1727315804.1469798,33672542000000.0,-0.082667395,-0.0003568838
1727315804.4797068,29958047000000.0,-0.08394779,-0.0012803957
1727315804.8577375,39999546000000.0,-0.08614933,-0.0022015325
1727315805.203933,40349725000000.0,-0.08926783,-0.003118502
1727315805.5329878,31941254000000.0,-0.09329721,-0.004029388
1727315805.8539612,26479340000000.0,-0.09822931,-0.0049321014
1727315806.185339,32056086000000.0,-0.10405365,-0.0058243335
1727315806.5115533,26658126000000.0,-0.11075716,-0.0067035137
1727315806.8490174,33948883000000.0,-0.11832393,-0.0075667733
1727315807.1793323,33438365000000.0,-0.12673484,-0.008410914
1727315807.4958713,30830859000000.0,-0.13596722,-0.009232386
1727315807.819639,30721507000000.0,-0.1459945,-0.0100272745
1727315808.1406717,20766100000000.0,-0.1567858,-0.010791296
1727315808.456514,42903993000000.0,-0.16830562,-0.011519812
1727315808.7748485,35253075000000.0,-0.18051347,-0.012207849
1727315809.0978072,23947295000000.0,-0.1933636,-0.012850138
1727315809.4267957,43035283000000.0,-0.20680478,-0.013441171
1727315809.7636135,26326466000000.0,-0.22078004,-0.0139752645
1727315810.090594,31542890000000.0,-0.23522669,-0.0144466525
1727315810.4179087,33522574000000.0,-0.25007626,-0.014849579
1727315810.7557604,31888459000000.0,-0.26525468,-0.015178411
1727315811.0700958,35223362000000.0,-0.28068244,-0.015427759
1727315811.396237,25956704000000.0,-0.29627505,-0.015592601
1727315811.7244346,39318480000000.0,-0.31194347,-0.015668413
1727315812.0477335,37186175000000.0,-0.32759476,-0.015651288
1727315812.3609266,17941632000000.0,-0.34313282,-0.015538057
1727315812.6813807,30458008000000.0,-0.3584592,-0.015326394
1727315813.0058913,36273000000000.0,-0.3734741,-0.015014894
1727315813.335607,23444714000000.0,-0.38807723,-0.01460315
1727315813.6579876,33888200000000.0,-0.40216902,-0.014091791
1727315813.9749365,39334737000000.0,-0.41565153,-0.013482504
1727315814.2998314,31656744000000.0,-0.42842957,-0.012778031
1727315814.6246755,24964382000000.0,-0.44041172,-0.011982142
1727315814.9485404,39044143000000.0,-0.4515113,-0.011099589
1727315815.273495,25856039000000.0,-0.46164733,-0.010136041
1727315815.6070912,29773401000000.0,-0.47074533,-0.009098006
1727315815.9366033,42807470000000.0,-0.47873807,-0.007992748
1727315816.2571547,43879120000000.0,-0.48556626,-0.006828189
1727315816.585668,35151280000000.0,-0.49117908,-0.0056128143
1727315816.9154582,32273502000000.0,-0.49553466,-0.0043555787
1727315817.238356,27103240000000.0,-0.49860048,-0.003065811
1727315817.5665157,34431442000000.0,-0.50035363,-0.0017531225
1727315817.896951,26962154000000.0,-0.50078094,-0.00042731984
1727315818.215295,37676758000000.0,-0.49987927,0.00090168003
1727315818.544727,34978788000000.0,-0.49765533,0.0022239338
1727315818.8696995,28125556000000.0,-0.49412578,0.0035295545
1727315819.1957045,40691830000000.0,-0.489317,0.0048087947
1727315819.52682,33253543000000.0,-0.48326486,0.0060521346
1727315819.85487,28178253000000.0,-0.4760145,0.0072503677
1727315820.185006,28777724000000.0,-0.4676198,0.008394697
1727315820.512089,26692026000000.0,-0.458143,0.009476826
1727315820.8327918,44796560000000.0,-0.44765395,0.010489056
1727315821.1618557,58583387000000.0,-0.43622956,0.011424385
1727315821.4897845,28092936000000.0,-0.42395297,0.012276593
1727315821.807939,22562078000000.0,-0.41091263,0.01304033
1727315822.1325216,21715803000000.0,-0.39720145,0.01371119
1727315822.4629133,30983514000000.0,-0.38291568,0.014285765
1727315822.7815244,12260833000000.0,-0.368154,0.014761687
1727315823.1077049,42833696000000.0,-0.35301635,0.015137649
1727315823.4415708,31510795000000.0,-0.33760294,0.015413395
1727315823.7787325,36006070000000.0,-0.32201326,0.015589695
1727315824.111666,17031003000000.0,-0.30634496,0.015668292
1727315824.4564228,36870596000000.0,-0.29069313,0.015651822
1727315824.8403993,38531650000000.0,-0.2751494,0.015543733
1727315825.2269585,36870558000000.0,-0.25980124,0.015348163
1727315825.6011603,43515493000000.0,-0.24473141,0.015069831
1727315826.0365872,33584675000000.0,-0.23001751,0.014713904
1727315826.440374,21765013000000.0,-0.21573164,0.014285873
1727315826.7958946,37762875000000.0,-0.20194021,0.013791427
1727315827.1512232,34519890000000.0,-0.18870386,0.013236339
1727315827.5228648,26397630000000.0,-0.17607751,0.012626357
1727315827.8770154,29075605000000.0,-0.1641104,0.0119671095
1727315828.3340375,26722714000000.0,-0.15284638,0.011264026
1727315828.74895,42851296000000.0,-0.1423241,0.010522276
1727315829.148155,36157316000000.0,-0.13257739,0.009746717
1727315829.4866898,30576736000000.0,-0.12363552,0.008941863
1727315829.8565934,30204643000000.0,-0.11552366,0.008111865
1727315830.2177644,16177847000000.0,-0.10826315,0.007260508
1727315830.5688934,33904610000000.0,-0.10187194,0.0063912133
1727315830.917265,15833476000000.0,-0.09636488,0.0055070585
1727315831.2733443,35902215000000.0,-0.09175408,0.0046108025
1727315831.626822,31769259000000.0,-0.08804916,0.0037049176
1727315831.9944983,37031057000000.0,-0.08525753,0.002791629
1727315832.3599322,44713894000000.0,-0.08338457,0.0018729586
1727315832.7135236,30959282000000.0,-0.0824338,0.00095077266
1727315833.047007,36618240000000.0,-0.08240697,2.6831316e-05
1727315833.3980668,35761986000000.0,-0.08330413,-0.0008971593
1727315833.7268417,36019668000000.0,-0.08512362,-0.0018194945
1727315834.0614722,20731000000000.0,-0.08786204,-0.0027384188
1727315834.3924394,32536990000000.0,-0.09151411,-0.0036520734
1727315834.7630255,31183226000000.0,-0.096072555,-0.004558447
1727315835.1206813,35992530000000.0,-0.101527885,-0.0054553268
1727315835.458948,44208535000000.0,-0.10786814,-0.0063402564
1727315835.8179755,34453506000000.0,-0.115078636,-0.007210495
1727315836.1721601,39550877000000.0,-0.12314162,-0.008062984
1727315836.5333421,39644580000000.0,-0.13203594,-0.0088943215
1727315836.8736641,28469566000000.0,-0.14173669,-0.009700745
1727315837.2192242,16898723000000.0,-0.15221481,-0.010478126
1727315837.572004,22012246000000.0,-0.16343679,-0.011221969
1727315837.9181325,28456820000000.0,-0.17536423,-0.011927435
1727315838.2736783,32226973000000.0,-0.1879536,-0.012589375
1727315838.6145594,40611936000000.0,-0.20115598,-0.013202369
1727315838.9617548,51928450000000.0,-0.21491678,-0.0137608005
1727315839.3028276,22051551000000.0,-0.2291757,-0.014258925
1727315839.6657815,22097554000000.0,-0.24386667,-0.014690969
1727315840.025055,18897529000000.0,-0.2589179,-0.015051235
1727315840.3812928,40695060000000.0,-0.27425212,-0.015334218
1727315840.7392547,39274343000000.0,-0.28978685,-0.015534726
1727315841.082716,27919873000000.0,-0.30543485,-0.015648013
1727315841.4396863,36551460000000.0,-0.32110476,-0.015669903
1727315841.7810464,37413804000000.0,-0.33670166,-0.015596908
1727315842.124869,26230739000000.0,-0.352128,-0.015426337
1727315842.486781,33655037000000.0,-0.3672844,-0.015156395
1727315842.8209677,31033435000000.0,-0.38207063,-0.014786255
1727315843.1637733,18820130000000.0,-0.39638674,-0.01431611
1727315843.5084124,38279685000000.0,-0.41013396,-0.013747209
1727315843.8479738,28771061000000.0,-0.4232158,-0.013081856
1727315844.1775026,28846689000000.0,-0.43553922,-0.0123234
1727315844.5065346,39449325000000.0,-0.4470154,-0.011476192
1727315844.8569593,36029760000000.0,-0.45756093,-0.010545528
1727315845.2037592,31574465000000.0,-0.4670985,-0.009537578
1727315845.5618403,25963591000000.0,-0.4755578,-0.0084593035
1727315845.9036608,36142443000000.0,-0.48287618,-0.007318365
1727315846.2670116,38996776000000.0,-0.48899922,-0.0061230254
1727315846.6169517,41367057000000.0,-0.4938813,-0.0048820563
1727315846.9704943,26271457000000.0,-0.49748594,-0.0036046423
1727315847.320522,38390376000000.0,-0.49978623,-0.0023002883
1727315847.6645412,17339856000000.0,-0.50076497,-0.0009787305
1727315848.0146868,44616190000000.0,-0.5004148,0.0003501498
1727315848.3365996,30910322000000.0,-0.49873838,0.0016764101
1727315848.6489403,27133700000000.0,-0.49574825,0.0029901299
1727315848.969439,38038978000000.0,-0.49146676,0.004281494
1727315849.3073113,20839383000000.0,-0.48592588,0.0055408766
1727315849.6255703,40706730000000.0,-0.47916695,0.006758931
1727315849.9789157,29522360000000.0,-0.47124028,0.007926678
1727315850.2997153,40817167000000.0,-0.46220466,0.009035602
1727315850.6137192,13970839000000.0,-0.45212692,0.010077746
1727315850.936945,24791533000000.0,-0.4410811,0.011045804
1727315851.2606664,34719278000000.0,-0.42914787,0.011933223
1727315851.594987,40409686000000.0,-0.41641358,0.012734283
1727315851.9167197,28087744000000.0,-0.4029694,0.013444176
1727315852.240041,41499094000000.0,-0.38891032,0.014059074
1727315852.5724182,45895600000000.0,-0.37433416,0.014576175
1727315852.9042857,23534374000000.0,-0.35934043,0.01499373
1727315853.2249863,40806340000000.0,-0.34402937,0.015311048
1727315853.558,26752617000000.0,-0.3285009,0.01552848
1727315853.8968506,33992676000000.0,-0.31285352,0.015647369
1727315854.2158375,29925977000000.0,-0.2971835,0.015669994
1727315854.544875,32415469000000.0,-0.28158402,0.015599478
1727315854.8810039,34078408000000.0,-0.26614434,0.015439686
1727315855.210617,31568530000000.0,-0.25094923,0.015195112
1727315855.5403054,31562079000000.0,-0.23607849,0.01487075
1727315855.8606927,37367407000000.0,-0.22160651,0.014471972
1727315856.1807425,43379728000000.0,-0.2076021,0.014004402
1727315856.5011396,26447901000000.0,-0.1941283,0.01347379
1727315856.8219357,20014824000000.0,-0.18124239,0.012885907
1727315857.140473,36531440000000.0,-0.16899595,0.01224644
1727315857.462855,38401240000000.0,-0.15743503,0.011560912
1727315857.789045,28475518000000.0,-0.14660043,0.010834607
1727315858.1167614,43099967000000.0,-0.13652791,0.010072516
1727315858.431866,27415238000000.0,-0.12724862,0.0092792995
1727315858.7534103,23583047000000.0,-0.11878935,0.008459261
1727315859.0837536,38587744000000.0,-0.11117302,0.0076163355
1727315859.4202645,32587033000000.0,-0.104418926,0.006754095
1727315859.7529736,35826800000000.0,-0.09854317,0.005875758
1727315860.0794225,23914973000000.0,-0.09355896,0.0049842107
1727315860.4041398,37656482000000.0,-0.08947692,0.0040820404
1727315860.7409232,32874944000000.0,-0.08630535,0.0031715697
1727315861.0622346,22319538000000.0,-0.084050454,0.0022548996
1727315861.3823783,14097685000000.0,-0.0827165,0.0013339547
1727315861.703159,24076402000000.0,-0.08230597,0.00041053328
1727315862.0227299,29379150000000.0,-0.08281961,-0.00051364256
1727315862.3541603,17096744000000.0,-0.084256485,-0.0014368739
1727315862.6714509,26228700000000.0,-0.086613916,-0.0023574329
1727315862.9947498,28435645000000.0,-0.089887425,-0.0032735094
1727315863.3348742,42696916000000.0,-0.09407058,-0.0041831615
1727315863.660438,34892153000000.0,-0.09915485,-0.005084266
1727315863.9809904,21772544000000.0,-0.105129324,-0.0059744725
1727315864.2981732,29054003000000.0,-0.11198049,-0.0068511628
1727315864.6367402,30931436000000.0,-0.1196919,-0.007711414
1727315864.9755416,39793980000000.0,-0.12824386,-0.008551969
1727315865.3052192,24749107000000.0,-0.13761309,-0.009369217
1727315865.6290247,34188542000000.0,-0.14777227,-0.0101591805
1727315865.963017,36634116000000.0,-0.15868978,-0.0109175155
1727315866.294751,24529617000000.0,-0.1703293,-0.011639523
1727315866.6214225,23268280000000.0,-0.18264948,-0.012320178
1727315866.9577227,32830464000000.0,-0.19560364,-0.012954165
1727315867.2747178,38303047000000.0,-0.20913959,-0.013535942
1727315867.6058455,27219592000000.0,-0.2231994,-0.014059806
1727315867.9356554,35539315000000.0,-0.23771939,-0.014519984
1727315868.269766,33865826000000.0,-0.2526301,-0.014910732
1727315868.5834448,28454250000000.0,-0.26785657,-0.015226452
1727315868.9039614,33966030000000.0,-0.28331837,-0.015461805
1727315869.2355912,35034826000000.0,-0.29893023,-0.015611848
1727315869.586538,18612434000000.0,-0.31460238,-0.01567215
1727315869.9366264,31820570000000.0,-0.3302413,-0.015638923
1727315870.2666383,30923236000000.0,-0.34575042,-0.015509134
1727315870.6019456,33226390000000.0,-0.36103103,-0.015280606
1727315870.935159,37284787000000.0,-0.37598312,-0.014952102
1727315871.2636995,23859837000000.0,-0.3905065,-0.014523386
1727315871.596787,36116938000000.0,-0.40450177,-0.0139952665
1727315871.924695,31480225000000.0,-0.4178714,-0.0133696105
1727315872.2567506,54507930000000.0,-0.4305207,-0.012649337
1727315872.586905,42018660000000.0,-0.4423591,-0.011838386
1727315872.9165223,33574678000000.0,-0.45330077,-0.010941669
1727315873.2315652,30443910000000.0,-0.46326578,-0.009965004
1727315873.5574565,33545769000000.0,-0.4721808,-0.008915035
1727315873.8789368,24405135000000.0,-0.47997996,-0.007799142
1727315874.1988344,32938836000000.0,-0.48660532,-0.00662535
1727315874.5207446,21652970000000.0,-0.49200755,-0.005402232
1727315874.9144545,36062850000000.0,-0.49614635,-0.0041388115
1727315875.244714,37664586000000.0,-0.49899083,-0.002844472
1727315875.5897899,39774420000000.0,-0.5005197,-0.0015288639
1727315875.9181056,29695347000000.0,-0.5007215,-0.00020181877
1727315876.24477,28763030000000.0,-0.49959478,0.0011267364
1727315876.5785804,36653175000000.0,-0.49714792,0.002446862
1727315876.9151914,39308237000000.0,-0.49339923,0.0037486886
1727315877.2524004,26106948000000.0,-0.48837674,0.0050225016
1727315877.5817385,52660680000000.0,-0.48211792,0.0062588276
1727315877.9169748,43287277000000.0,-0.4746694,0.007448524
1727315878.2365608,28569190000000.0,-0.46608654,0.00858287
1727315878.56873,33411500000000.0,-0.45643288,0.009653665
1727315878.8874474,54236725000000.0,-0.44577956,0.010653323
1727315879.2142155,27128800000000.0,-0.4342046,0.011574966
1727315879.5565546,29955797000000.0,-0.4217921,0.012412517
1727315879.9038892,19971074000000.0,-0.4086313,0.013160783
1727315880.2390208,24711535000000.0,-0.39481577,0.01381552
1727315880.567771,50397725000000.0,-0.38044226,0.014373498
1727315880.8997238,25231115000000.0,-0.36560974,0.014832526
1727315881.234853,24876000000000.0,-0.35041827,0.015191478
1727315881.5580838,26607720000000.0,-0.334968,0.015450272
1727315881.8898017,34153337000000.0,-0.31935814,0.015609848
1727315882.231992,40369130000000.0,-0.30368602,0.015672108
1727315882.5648239,29870580000000.0,-0.28804618,0.015639832
1727315882.8883755,28223822000000.0,-0.2725296,0.015516593
1727315883.2200162,31191659000000.0,-0.25722295,0.015306638
1727315883.5464988,34395830000000.0,-0.24220818,0.015014768
1727315883.8701978,52527924000000.0,-0.22756197,0.014646214
1727315884.2277672,23309782000000.0,-0.21335545,0.014206512
1727315884.5566258,36957434000000.0,-0.19965409,0.013701372
1727315884.8922005,48171732000000.0,-0.18651752,0.013136569
1727315885.2238276,31749730000000.0,-0.17399968,0.012517838
1727315885.5576053,36610700000000.0,-0.16214891,0.011850777
1727315885.8791013,32836992000000.0,-0.15100813,0.011140779
1727315886.2031422,34753260000000.0,-0.14061517,0.01039296
1727315886.5536628,27934710000000.0,-0.13100304,0.009612123
1727315886.8872929,18949750000000.0,-0.12220032,0.00880272
1727315887.2222216,35799844000000.0,-0.114231475,0.007968843
1727315887.5469751,37669875000000.0,-0.107117265,0.007114211
1727315887.8694277,35560245000000.0,-0.10087508,0.0062421877
1727315888.2590933,38204060000000.0,-0.09551928,0.0053557944
1727315888.5885491,29680686000000.0,-0.09106155,0.0044577383
1727315888.9103436,25563647000000.0,-0.0875111,0.0035504468
1727315889.2683613,28906237000000.0,-0.084874995,0.0026361078
1727315889.6007018,46161700000000.0,-0.083158284,0.0017167133
1727315889.9348178,26949913000000.0,-0.08236418,0.0007941078
1727315890.2811286,35096732000000.0,-0.08249414,-0.00012996132
1727315890.6029146,37715467000000.0,-0.083547935,-0.0010537918
1727315890.926395,25137502000000.0,-0.08552361,-0.0019756742
1727315891.2537165,30953846000000.0,-0.08841745,-0.0028938388
1727315891.579464,22740382000000.0,-0.09222385,-0.0038064048
1727315891.895498,28231231000000.0,-0.09693518,-0.0047113295
1727315892.216507,25154960000000.0,-0.10254154,-0.0056063626
1727315892.541685,38715940000000.0,-0.109030545,-0.006489001
1727315892.8796635,34438420000000.0,-0.116386995,-0.007356453
1727315893.2038856,34381857000000.0,-0.124592595,-0.008205604
1727315893.5199893,29037706000000.0,-0.13362558,-0.00903299
1727315893.846576,25107010000000.0,-0.14346036,-0.009834788
1727315894.1776295,26702544000000.0,-0.15406717,-0.010606805
1727315894.501857,31934414000000.0,-0.16541167,-0.011344487
1727315894.8384392,29842527000000.0,-0.1774546,-0.012042941
1727315895.169524,34917965000000.0,-0.19015157,-0.012696965
1727315895.4967902,20988784000000.0,-0.20345268,-0.013301103
1727315895.8193462,39115070000000.0,-0.21730238,-0.01384971
1727315896.1397393,40558350000000.0,-0.23163942,-0.01433703
1727315896.4599793,38458333000000.0,-0.2463967,-0.014757295
1727315896.7877808,36665900000000.0,-0.26150155,-0.015104831
1727315897.1149805,34539934000000.0,-0.27687573,-0.015374177
1727315897.4451933,40278606000000.0,-0.29243594,-0.015560209
1727315897.785336,20503970000000.0,-0.3080942,-0.015658269
1727315898.1166005,40569007000000.0,-0.32375848,-0.015664287
1727315898.448115,35432010000000.0,-0.3393334,-0.015574904
1727315898.7813544,41215903000000.0,-0.35472095,-0.015387577
1727315899.1036992,40796320000000.0,-0.3698216,-0.015100668
1727315899.4404945,22463279000000.0,-0.38453513,-0.01471352
1727315899.7886677,32653596000000.0,-0.39876163,-0.014226505
1727315900.121852,36205870000000.0,-0.4124027,-0.013641049
1727315900.438613,36103768000000.0,-0.42536232,-0.012959638
1727315900.7720973,16169630000000.0,-0.4375481,-0.012185792
1727315901.0994606,25449000000000.0,-0.44887212,-0.0113240285
1727315901.4233954,18307470000000.0,-0.4592519,-0.010379796
1727315901.747451,29939873000000.0,-0.46861133,-0.009359405
1727315902.0658827,36219904000000.0,-0.47688127,-0.008269943
1727315902.3902624,15611068000000.0,-0.48400044,-0.007119179
1727315902.7086349,21533390000000.0,-0.4899159,-0.005915468
1727315903.0406404,38416754000000.0,-0.49458358,-0.0046676598
1727315903.3826923,30032318000000.0,-0.49796858,-0.003384999
1727315903.6992605,48777880000000.0,-0.5000456,-0.002077036
1727315904.0136845,28236195000000.0,-0.5007991,-0.0007535379
1727315904.3410504,18616485000000.0,-0.5002235,0.000575598
1727315904.6564856,29192836000000.0,-0.49832308,0.0019004272
1727315904.9806988,19339386000000.0,-0.49511203,0.003211041
1727315905.3039458,25233690000000.0,-0.49061438,0.0044976505
1727315905.6338146,25245505000000.0,-0.4848637,0.005750671
1727315905.9650955,37079040000000.0,-0.4779029,0.0069608116
1727315906.2988617,16399010000000.0,-0.46978372,0.008119165
1727315906.628539,27938611000000.0,-0.46056643,0.009217303
1727315906.9549382,22366288000000.0,-0.45031905,0.010247373
1727315907.2802682,38341400000000.0,-0.43911687,0.011202191
1727315907.6122234,28161723000000.0,-0.42704153,0.0120753385
1727315907.9385695,26110155000000.0,-0.41418028,0.012861244
1727315908.2735145,35157640000000.0,-0.40062502,0.013555264
1727315908.5976622,24506520000000.0,-0.38647127,0.01415374
1727315908.9230719,42021190000000.0,-0.37181723,0.014654048
1727315909.254922,38474695000000.0,-0.35676262,0.015054618
1727315909.5791252,27571900000000.0,-0.3414077,0.015354939
1727315909.9111645,37795650000000.0,-0.32585216,0.015555532
1727315910.2372253,17775823000000.0,-0.31019425,0.015657905
1727315910.5666897,34686326000000.0,-0.29452977,0.015664488
1727315910.8930612,38735056000000.0,-0.27895123,0.015578536
1727315911.22506,50321230000000.0,-0.2635472,0.015404031
1727315911.5647547,34899568000000.0,-0.24840166,0.015145557
1727315911.8887997,22456765000000.0,-0.23359348,0.0148081845
1727315912.2193315,37291530000000.0,-0.21919614,0.014397336
1727315912.5448136,31190816000000.0,-0.20527747,0.013918665
1727315912.8677762,35650630000000.0,-0.19189954,0.013377933
1727315913.1968575,34100442000000.0,-0.17911863,0.012780902
1727315913.5234456,38592374000000.0,-0.1669854,0.012133239
1727315913.8489752,41044943000000.0,-0.15554497,0.01144043
1727315914.1665416,34943294000000.0,-0.14483726,0.010707712
1727315914.501906,28854377000000.0,-0.13489723,0.009940023
1727315914.8277953,26574303000000.0,-0.12575527,0.009141963
1727315915.1590028,34842708000000.0,-0.11743749,0.008317775
1727315915.481163,23951284000000.0,-0.10996616,0.007471332
1727315915.8177676,38013992000000.0,-0.10336001,0.006606144
1727315916.1740227,46795133000000.0,-0.09763464,0.005725371
1727315916.5167775,13484344000000.0,-0.09280279,0.0048318477
1727315916.8453357,21287481000000.0,-0.08887468,0.0039281123
1727315917.1597767,24070618000000.0,-0.08585823,0.0030164476
1727315917.4914908,28904165000000.0,-0.083759315,0.002098921
1727315917.8196046,39772150000000.0,-0.082581885,0.0011774324
1727315918.1422656,36258227000000.0,-0.08232812,0.00025376314
1727315918.4808192,20904403000000.0,-0.08299849,-0.0006703721
1727315918.8124888,39655144000000.0,-0.08459177,-0.0015932732
1727315919.1400123,33828813000000.0,-0.08710497,-0.002513202
1727315919.477831,49360818000000.0,-0.0905333,-0.0034283297
1727315919.8285282,36822663000000.0,-0.094869986,-0.004336687
1727315920.1732025,38846067000000.0,-0.1001061,-0.005236115
1727315920.5114107,15536373000000.0,-0.10623032,-0.006124221
1727315920.8521624,35275500000000.0,-0.11322866,-0.006998337
1727315921.1832156,26222422000000.0,-0.12108414,-0.007855485
1727315921.5118484,21326301000000.0,-0.1297765,-0.00869235
1727315921.8394692,26866488000000.0,-0.13928175,-0.00950526
1727315922.1794963,27679447000000.0,-0.14957193,-0.010290174
1727315922.5035489,21042400000000.0,-0.16061461,-0.011042686
1727315922.846727,22892098000000.0,-0.17237265,-0.011758042
1727315923.1745818,40904694000000.0,-0.18480381,-0.012431161
1727315923.5225945,26294075000000.0,-0.1978605,-0.013056687
1727315923.8480194,39993370000000.0,-0.21148954,-0.013629044
