episode,step,position,velocity,action
1,1,-0.43392804,-0.0020223425,-0.895522952079773
1,2,-0.43802717,-0.004099134,-0.9415619373321533
1,3,-0.4441489,-0.006121718,-0.9252151846885681
1,4,-0.45233968,-0.008190783,-0.9858776330947876
1,5,-0.4624893,-0.010149623,-0.952305793762207
1,6,-0.47452614,-0.012036829,-0.9542986154556274
1,7,-0.48830852,-0.013782379,-0.919222354888916
1,8,-0.5038289,-0.015520365,-0.9825351238250732
1,9,-0.5209633,-0.017134402,-0.9772335886955261
1,10,-0.5395621,-0.018598786,-0.9630789756774902
1,11,-0.5595412,-0.019979106,-1.0659836530685425
1,12,-0.5807111,-0.021169914,-0.9732358455657959
1,13,-0.60292053,-0.022209423,-0.9771718978881836
1,14,-0.6259874,-0.023066854,-0.9644975066184998
1,15,-0.6497984,-0.023810958,-1.0382921695709229
1,16,-0.6741853,-0.02438691,-1.0649162530899048
1,17,-0.6989515,-0.024766196,-0.9804391264915466
1,18,-0.72396237,-0.025010874,-1.0124361515045166
1,19,-0.749037,-0.025074657,-0.9850917458534241
1,20,-0.7740469,-0.025009848,-1.0212278366088867
1,21,-0.7988499,-0.024803,-0.9998041987419128
1,22,-0.8232879,-0.024437996,-0.9817619919776917
1,23,-0.84453624,-0.021248361,0.8218449354171753
1,24,-0.8652326,-0.020696359,-1.0196173191070557
1,25,-0.8852923,-0.020059701,-1.0272589921951294
1,26,-0.9046024,-0.019310113,-0.9741763472557068
1,27,-0.9230778,-0.018475415,-0.9600130319595337
1,28,-0.94072455,-0.017646736,-1.0087158679962158
1,29,-0.9574977,-0.01677319,-1.0058789253234863
1,30,-0.97335815,-0.015860418,-0.9981692433357239
1,31,-0.98827964,-0.014921505,-1.055635929107666
1,32,-1.0021257,-0.013846109,-0.9237687587738037
1,33,-1.0149223,-0.012796579,-0.95176762342453
1,34,-1.0266703,-0.011748054,-0.9598432779312134
1,35,-1.0373893,-0.010718992,-0.9774660468101501
1,36,-1.0470684,-0.009679026,-0.9726344347000122
1,37,-1.0557474,-0.008679026,-1.002950668334961
1,38,-1.063394,-0.007646602,-0.9778358340263367
1,39,-1.0699917,-0.0065978114,-0.9655057191848755
1,40,-1.0755017,-0.005509925,-0.9375140070915222
1,41,-1.0799984,-0.004496637,-0.9851363301277161
1,42,-1.0833974,-0.003399025,-0.9268627762794495
1,43,-1.0857162,-0.0023188915,-0.9367591142654419
1,44,-1.0869284,-0.0012121273,-0.9177085757255554
1,45,-1.0842288,0.002699566,0.9529539942741394
1,46,-1.0804931,0.0037356312,-0.9656822681427002
1,47,-1.0728703,0.0076228534,0.933122456073761
1,48,-1.0641472,0.008723012,-0.9282868504524231
1,49,-1.0543379,0.009809348,-0.9402884244918823
1,50,-1.0434074,0.010930398,-0.9189175963401794
1,51,-1.0285084,0.014899,0.9791760444641113
1,52,-1.0096629,0.01884561,0.9670263528823853
1,53,-0.9870831,0.022579791,0.8333418965339661
1,54,-0.9605438,0.026539246,1.0501446723937988
1,55,-0.9300886,0.030455245,1.0775001049041748
1,56,-0.89578605,0.034302536,1.0291235446929932
1,57,-0.8578169,0.03796917,0.9467582702636719
1,58,-0.81624043,0.041576423,1.0423349142074585
1,59,-0.7712405,0.04499996,1.0608580112457275
1,60,-0.72311455,0.0481259,0.9565514326095581
1,61,-0.67208004,0.051034506,1.006842851638794
1,62,-0.6184684,0.05361165,1.0282100439071655
1,63,-0.5626857,0.05578268,0.9793819189071655
1,64,-0.50511056,0.05757516,1.0537656545639038
1,65,-0.446174,0.05893657,1.0484483242034912
1,66,-0.38637245,0.059801534,0.9602959156036377
1,67,-0.3260877,0.06028472,0.9890382289886475
1,68,-0.26572713,0.06036058,0.9813471436500549
1,69,-0.20567316,0.06005397,0.9601353406906128
1,70,-0.14623936,0.059433803,0.9458993077278137
1,71,-0.08785627,0.058383085,0.8083488941192627
1,72,-0.030424813,0.057431456,0.9746923446655273
1,73,0.025992548,0.05641736,0.9836662411689758
1,74,0.08141751,0.05542496,1.0250173807144165
1,75,0.13586655,0.05444904,0.9665857553482056
1,76,0.18948424,0.05361769,0.9758902788162231
1,77,0.2424777,0.05299346,0.9884052872657776
1,78,0.29505858,0.052580882,0.9697524309158325
1,79,0.34745434,0.05239576,0.9318426847457886
1,80,0.4000727,0.052618343,0.988690197467804
1,81,0.45328566,0.053212956,1.007237195968628
2,1,-0.59180003,-0.0009993935,-1.0351028442382812
2,2,-0.5937158,-0.0019157329,-0.9495249390602112
2,3,-0.59653884,-0.002823029,-0.9528694152832031
2,4,-0.6002606,-0.003721763,-0.9609528183937073
2,5,-0.60490024,-0.004639622,-0.9918448328971863
2,6,-0.6103624,-0.0054621696,-0.9508538842201233
2,7,-0.61668116,-0.0063187657,-1.0000038146972656
2,8,-0.62375057,-0.0070693903,-0.9598031640052795
2,9,-0.6315381,-0.007787545,-0.9720287919044495
2,10,-0.6399356,-0.008397494,-0.9369468092918396
2,11,-0.64896053,-0.009024927,-0.988235592842102
2,12,-0.6585563,-0.009595773,-0.9927009344100952
2,13,-0.66866577,-0.010109456,-0.9989580512046814
2,14,-0.679191,-0.010525221,-0.9798308610916138
2,15,-0.69003916,-0.010848168,-0.9653147459030151
2,16,-0.70119023,-0.011151094,-1.0124236345291138
2,17,-0.7125296,-0.011339348,-0.9720444083213806
2,18,-0.7240266,-0.011497025,-1.0394585132598877
2,19,-0.7356094,-0.011582772,-1.009238600730896
2,20,-0.74720716,-0.011597753,-1.023273229598999
2,21,-0.75875086,-0.011543672,-1.0114634037017822
2,22,-0.77017355,-0.011422719,-1.0035803318023682
2,23,-0.78135365,-0.0111801075,-0.9617328643798828
2,24,-0.7922876,-0.01093392,-1.0299655199050903
2,25,-0.8028898,-0.010602217,-0.9814803004264832
2,26,-0.813134,-0.010244163,-1.0460337400436401
2,27,-0.82295555,-0.009821512,-0.9906145930290222
2,28,-0.8322201,-0.009264514,-0.9322113990783691
2,29,-0.8409353,-0.008715231,-0.9657119512557983
2,30,-0.8467239,-0.0057886476,0.5934176445007324
2,31,-0.8518714,-0.0051474352,-0.9467460513114929
2,32,-0.85635316,-0.004481765,-0.9448387622833252
2,33,-0.86014557,-0.0037924198,-0.9413220882415771
2,34,-0.8632524,-0.003106827,-0.9540055394172668
2,35,-0.865602,-0.0023495906,-0.914448618888855
2,36,-0.86530936,0.00029267772,0.3361157476902008
2,37,-0.8642636,0.0010457773,-0.9225711822509766
2,38,-0.85966295,0.004600616,0.9479755163192749
2,39,-0.8542595,0.0054034484,-0.8745603561401367
2,40,-0.84815556,0.0061039524,-0.9281836748123169
2,41,-0.8413888,0.0067667468,-0.9363955855369568
2,42,-0.8340092,0.0073796753,-0.9503329396247864
2,43,-0.8258986,0.008110588,-0.849983811378479
2,44,-0.8170947,0.008803891,-0.8504598736763
2,45,-0.8075071,0.009587594,-0.7626136541366577
2,46,-0.797022,0.010485102,-0.6556906700134277
2,47,-0.7834071,0.0136148855,0.8676392436027527
2,48,-0.76659155,0.016815547,0.9623229503631592
2,49,-0.74689543,0.01969614,0.8102161288261414
2,50,-0.7242931,0.022602323,0.9026222229003906
2,51,-0.7000599,0.024233216,0.1433277279138565
2,52,-0.6758759,0.024183994,-0.8744829893112183
2,53,-0.6518824,0.023993516,-0.8621633648872375
2,54,-0.62563086,0.02625155,0.8796543478965759
2,55,-0.59726995,0.028360901,0.9040026664733887
2,56,-0.5669804,0.03028951,0.9203754663467407
2,57,-0.53766465,0.029315745,-0.8654735088348389
2,58,-0.50959265,0.02807197,-0.8994919061660767
2,59,-0.48022592,0.029366745,0.9331933259963989
2,60,-0.44976828,0.030457651,0.943524181842804
2,61,-0.42035568,0.029412605,-0.33055663108825684
2,62,-0.39301172,0.027343974,-0.8710866570472717
2,63,-0.36782807,0.025183657,-0.8038502335548401
2,64,-0.34231368,0.025514383,0.9712973237037659
2,65,-0.31659675,0.025716942,0.9974378347396851
2,66,-0.29104778,0.025548952,0.857762336730957
2,67,-0.26568964,0.025358135,0.9434906840324402
2,68,-0.24068905,0.025000589,0.9263132810592651
2,69,-0.216722,0.02396706,0.5617151856422424
2,70,-0.19332191,0.02340009,0.9486597180366516
2,71,-0.17076485,0.022557072,0.8321229815483093
2,72,-0.14904365,0.0217212,0.8954546451568604
2,73,-0.12816316,0.020880489,0.9423456192016602
2,74,-0.11078367,0.017379493,-0.7890135645866394
2,75,-0.09697426,0.013809408,-0.8045932054519653
2,76,-0.08414408,0.012830185,0.943817138671875
2,77,-0.07233441,0.011809667,0.9335010051727295
2,78,-0.061576527,0.010757883,0.9263893961906433
2,79,-0.05445177,0.0071247555,-0.7837752103805542
2,80,-0.048450198,0.006001571,0.8956891298294067
2,81,-0.043499045,0.004951152,0.9488124251365662
2,82,-0.039869927,0.0036291182,0.7711396813392639
2,83,-0.037334822,0.0025351057,0.9254170656204224
2,84,-0.035950325,0.0013844983,0.8891518115997314
2,85,-0.03570663,0.0002436948,0.8964471817016602
2,86,-0.038734656,-0.0030280233,-0.5240318179130554
2,87,-0.042797614,-0.0040629576,0.9654702544212341
2,88,-0.04800593,-0.0052083163,0.8893756866455078
2,89,-0.054290053,-0.0062841233,0.9322076439857483
2,90,-0.064161494,-0.009871439,-0.7469339370727539
2,91,-0.077787854,-0.013626362,-0.8673952221870422
2,92,-0.09511523,-0.017327376,-0.8458521366119385
2,93,-0.1161853,-0.021070069,-0.8958543539047241
2,94,-0.13835506,-0.022169758,0.8333183526992798
2,95,-0.16421847,-0.025863405,-0.9372814297676086
2,96,-0.19350044,-0.02928197,-0.8105769753456116
2,97,-0.22363178,-0.030131346,0.8273965716362
2,98,-0.2571262,-0.033494424,-0.9366095066070557
2,99,-0.29386994,-0.036743723,-0.971282422542572
2,100,-0.33369565,-0.03982572,-0.9948146939277649
2,101,-0.37633517,-0.042639513,-0.9768838286399841
2,102,-0.41950256,-0.043167375,0.36068928241729736
2,103,-0.46491647,-0.04541392,-0.9856324791908264
2,104,-0.51226825,-0.047351766,-1.0399861335754395
2,105,-0.56117415,-0.04890591,-0.9794542789459229
2,106,-0.61129266,-0.050118536,-0.9958968758583069
2,107,-0.66226107,-0.050968394,-1.0142031908035278
2,108,-0.71371925,-0.05145816,-1.019903540611267
2,109,-0.7653094,-0.05159017,-0.9878991842269897
2,110,-0.81674147,-0.051432084,-1.032741904258728
2,111,-0.8677476,-0.05100615,-1.0000696182250977
2,112,-0.9181074,-0.05035976,-1.0003771781921387
2,113,-0.9676523,-0.0495449,-1.0092312097549438
2,114,-1.0162508,-0.048598565,-0.988544762134552
2,115,-1.0638602,-0.047609333,-1.009894847869873
2,116,-1.1104385,-0.046578348,-0.9772607088088989
2,117,-1.1560616,-0.045623206,-1.0305157899856567
2,118,-1.2,0.0,-1.0100394487380981
2,119,-1.1992582,0.00074189587,-1.0324703454971313
2,120,-1.1947926,0.004465539,0.9861936569213867
2,121,-1.1894675,0.0053250813,-0.9329081773757935
2,122,-1.18325,0.0062175514,-0.9221715331077576
2,123,-1.1732378,0.010012186,1.011448860168457
2,124,-1.1623132,0.010924599,-0.940657913684845
2,125,-1.1475363,0.0147769945,1.2054264545440674
2,126,-1.1288717,0.018664584,1.0029174089431763
2,127,-1.1090516,0.019820105,-0.8465385437011719
2,128,-1.0853221,0.023729453,0.9681774377822876
2,129,-1.0576489,0.027673211,0.9733943343162537
2,130,-1.0259769,0.031671982,1.0437849760055542
2,131,-0.99030995,0.035666917,1.0022270679473877
2,132,-0.95067936,0.0396306,1.05167555809021
2,133,-0.90715283,0.043526527,1.0776090621948242
2,134,-0.85984373,0.04730911,1.0378655195236206
2,135,-0.81121385,0.048629887,-0.529746413230896
2,136,-0.7591847,0.052029125,1.0232369899749756
2,137,-0.7040322,0.055152554,1.043712854385376
2,138,-0.6460915,0.05794068,1.0215708017349243
2,139,-0.58575267,0.06033884,1.0071994066238403
2,140,-0.5234504,0.0623023,1.0793287754058838
2,141,-0.45964918,0.063801184,1.0883331298828125
2,142,-0.3948894,0.06475976,0.9568413496017456
2,143,-0.32964176,0.06524765,0.9529311656951904
2,144,-0.26426807,0.065373674,1.0226325988769531
2,145,-0.19914903,0.06511905,1.0308921337127686
2,146,-0.1346033,0.06454572,0.9957360029220581
2,147,-0.07085651,0.063746795,1.002422571182251
2,148,-0.008053446,0.06280307,1.0551385879516602
2,149,0.05373832,0.061791763,0.9919779300689697
2,150,0.1145625,0.060824182,1.0294921398162842
2,151,0.17453288,0.059970386,1.0283814668655396
2,152,0.23383321,0.059300337,0.9966760277748108
2,153,0.29272386,0.05889065,1.0011941194534302
2,154,0.3515015,0.058777638,0.9889250993728638
2,155,0.410513,0.05901152,0.9786859750747681
2,156,0.47013927,0.05962626,0.9644721150398254
3,1,-0.51493305,-0.001518907,-0.9616895318031311
3,2,-0.5179782,-0.0030451275,-0.9741566181182861
3,3,-0.5225554,-0.0045772144,-0.9932897686958313
3,4,-0.5286105,-0.0060551246,-0.9800567030906677
3,5,-0.53604907,-0.007438521,-0.9473220705986023
3,6,-0.54488885,-0.008839799,-0.9964224696159363
3,7,-0.5549677,-0.010078821,-0.9323930144309998
3,8,-0.5661957,-0.01122804,-0.9227587580680847
3,9,-0.5785389,-0.012343169,-0.9558250904083252
3,10,-0.59187114,-0.013332251,-0.9328467845916748
3,11,-0.60614747,-0.014276332,-0.9683671593666077
3,12,-0.6212401,-0.015092623,-0.9527319669723511
3,13,-0.63704807,-0.015807971,-0.9581536054611206
3,14,-0.6534187,-0.016370676,-0.931495189666748
3,15,-0.6703402,-0.016921455,-1.0119547843933105
3,16,-0.68768626,-0.017346077,-0.993317723274231
3,17,-0.70526576,-0.017579472,-0.9432984590530396
3,18,-0.72296804,-0.017702289,-0.9459092617034912
3,19,-0.74076265,-0.01779459,-1.0156400203704834
3,20,-0.7585413,-0.017778657,-1.0146899223327637
3,21,-0.77619433,-0.017653022,-0.9960810542106628
3,22,-0.7935844,-0.017390063,-0.9702200293540955
3,23,-0.81053853,-0.016954111,-0.9164604544639587
3,24,-0.8270115,-0.016472967,-0.9431989789009094
3,25,-0.84296787,-0.015956352,-0.9716730713844299
3,26,-0.85831654,-0.015348655,-0.9583770036697388
3,27,-0.8730181,-0.01470154,-0.9747695326805115
3,28,-0.88704705,-0.014028992,-0.9958930611610413
3,29,-0.90028876,-0.01324172,-0.9531297087669373
3,30,-0.9126774,-0.012388663,-0.9386987686157227
3,31,-0.924175,-0.0114976,-0.9387391209602356
3,32,-0.934841,-0.01066594,-1.0281167030334473
3,33,-0.9417882,-0.0069472,0.9062803387641907
3,34,-0.9478285,-0.006040258,-0.9793972373008728
3,35,-0.95279247,-0.004964012,-0.8756598830223083
3,36,-0.9568063,-0.0040138317,-0.966816246509552
3,37,-0.9598297,-0.0030233741,-0.945456862449646
3,38,-0.9590201,0.00080963183,0.9455922245979309
3,39,-0.9571576,0.0018624902,-0.9067858457565308
3,40,-0.9514405,0.005717116,0.9635187983512878
3,41,-0.9446799,0.0067605698,-0.9027318358421326
3,42,-0.9341954,0.010484519,0.8941709995269775
3,43,-0.92271197,0.011483449,-0.9058564901351929
3,44,-0.9077415,0.014970481,0.7729020714759827
3,45,-0.8916211,0.016120361,-0.7563359141349792
3,46,-0.8718639,0.019757234,0.9361733198165894
3,47,-0.84844464,0.023419289,1.0033453702926636
3,48,-0.82145673,0.026987895,1.0062986612319946
3,49,-0.79104406,0.030412694,0.9843385219573975
3,50,-0.75733393,0.03371015,1.0134552717208862
3,51,-0.72055036,0.03678359,0.9737306237220764
3,52,-0.6808868,0.039663557,0.9915262460708618
3,53,-0.6385907,0.042296115,0.9974607825279236
3,54,-0.59394914,0.04464155,1.003430724143982
3,55,-0.5473503,0.04659885,0.955720841884613
3,56,-0.49907345,0.048276838,1.0697548389434814
3,57,-0.44950813,0.049565315,0.9815015196800232
3,58,-0.39903206,0.050476063,0.9745764136314392
3,59,-0.34796864,0.051063407,1.0033416748046875
3,60,-0.296674,0.05129463,0.9922263026237488
3,61,-0.24549824,0.05117577,0.9697514176368713
3,62,-0.19472091,0.05077733,0.9690880179405212
3,63,-0.144531,0.05018992,0.9986827373504639
3,64,-0.09514179,0.049389202,0.9786255359649658
3,65,-0.046651445,0.048490345,1.0228136777877808
3,66,-0.0017680742,0.04488337,-0.7542789578437805
3,67,0.041209143,0.042977218,0.39587533473968506
3,68,0.083114974,0.04190583,0.9396889805793762
3,69,0.123934604,0.040819626,0.8909875154495239
3,70,0.16172579,0.037791178,-0.4661760926246643
3,71,0.19863784,0.036912046,0.8882334232330322
3,72,0.23493074,0.036292896,0.9666267037391663
3,73,0.270811,0.035880268,0.994490921497345
3,74,0.30638838,0.03557739,0.9443056583404541
3,75,0.340222,0.033833623,-0.15170373022556305
3,76,0.374198,0.033976004,0.9662498235702515
3,77,0.4084977,0.034299713,0.9380508661270142
3,78,0.44326764,0.034769952,0.8776308298110962
3,79,0.47886533,0.03559768,0.9495965242385864
4,1,-0.46370488,0.000791131,0.8213885426521301
4,2,-0.46481657,-0.0011116808,-0.9706805348396301
4,3,-0.46765798,-0.0028414167,-0.8607673048973083
4,4,-0.472417,-0.004759006,-1.0006142854690552
4,5,-0.4789573,-0.00654031,-0.9326314926147461
4,6,-0.4873308,-0.008373508,-0.9995912909507751
4,7,-0.49737898,-0.01004819,-0.9354724884033203
4,8,-0.5090061,-0.011627109,-0.921648383140564
4,9,-0.5221889,-0.013182793,-0.9641823172569275
4,10,-0.5368246,-0.01463571,-0.9615620970726013
4,11,-0.552826,-0.016001388,-0.9765640497207642
4,12,-0.5700708,-0.017244814,-0.9748992919921875
4,13,-0.58842564,-0.018354839,-0.9716241359710693
4,14,-0.60514706,-0.01672145,0.7668310403823853
4,15,-0.62274176,-0.017594721,-0.9858673810958862
4,16,-0.641079,-0.018337253,-0.9834603071212769
4,17,-0.66001666,-0.018937625,-0.9755633473396301
4,18,-0.679425,-0.019408336,-0.9770148992538452
4,19,-0.69915223,-0.019727236,-0.9636614918708801
4,20,-0.71911234,-0.019960133,-0.9930130839347839
4,21,-0.7391888,-0.020076426,-1.0195749998092651
4,22,-0.7592587,-0.020069895,-1.0478591918945312
4,23,-0.7792047,-0.019946044,-1.0123145580291748
4,24,-0.79888946,-0.019684738,-0.9822072982788086
4,25,-0.81822103,-0.019331554,-0.9897769093513489
4,26,-0.8371196,-0.018898562,-1.0089435577392578
4,27,-0.85545194,-0.018332357,-0.9690123200416565
4,28,-0.8731618,-0.017709857,-0.9834393858909607
4,29,-0.8899193,-0.016757483,-0.8097013235092163
4,30,-0.90594995,-0.016030643,-1.0716346502304077
4,31,-0.92112106,-0.015171123,-0.9462469220161438
4,32,-0.93544424,-0.014323149,-0.9835503101348877
4,33,-0.94886535,-0.013421148,-0.9725406765937805
4,34,-0.9613945,-0.01252914,-1.0804831981658936
4,35,-0.9701535,-0.008758997,0.901674747467041
4,36,-0.977979,-0.007825477,-1.00082266330719
4,37,-0.9848179,-0.0068389066,-0.9731477499008179
4,38,-0.99069786,-0.0058799223,-0.9982447028160095
4,39,-0.9927195,-0.0020215977,0.9294341206550598
4,40,-0.9936084,-0.0008889588,-0.8893646001815796
4,41,-0.99350274,0.00010565435,-0.9820991158485413
4,42,-0.9898289,0.0036738524,0.7337088584899902
4,43,-0.98339176,0.0064371033,0.20012345910072327
4,44,-0.97302943,0.0103623485,0.9806041121482849
4,45,-0.9616782,0.0113512175,-0.9663336873054504
4,46,-0.94646865,0.015209576,0.9601240158081055
4,47,-0.9273866,0.019082082,0.9905237555503845
4,48,-0.90446424,0.022922324,1.0161116123199463
4,49,-0.8777895,0.026674747,0.9854246973991394
4,50,-0.84744513,0.030344347,0.9903820753097534
4,51,-0.8135364,0.033908732,1.0250437259674072
4,52,-0.7762556,0.037280794,0.9743620753288269
4,53,-0.73581886,0.04043676,0.958229660987854
4,54,-0.6923958,0.04342304,1.0022231340408325
4,55,-0.6463182,0.046077598,0.9613304734230042
4,56,-0.59784085,0.04847734,1.0347696542739868
4,57,-0.5473113,0.050529562,1.030619740486145
4,58,-0.49510404,0.052207258,1.01809561252594
4,59,-0.44161025,0.05349381,1.0137364864349365
4,60,-0.38724834,0.054361906,0.9845520853996277
4,61,-0.33306226,0.054186087,0.5456857681274414
4,62,-0.27876064,0.05430163,0.9786738753318787
4,63,-0.22471447,0.054046173,0.946739673614502
4,64,-0.1711214,0.05359307,1.0121326446533203
4,65,-0.11830411,0.05281729,0.9346425533294678
4,66,-0.066331014,0.051973097,1.0017483234405518
4,67,-0.0153606,0.050970413,0.9653210639953613
4,68,0.034563553,0.04992415,0.9673900008201599
4,69,0.08350113,0.048937578,1.0178393125534058
4,70,0.1297646,0.04626348,-0.1680874526500702
4,71,0.17511413,0.04534952,0.9326555728912354
4,72,0.21974607,0.044631943,0.9635354280471802
4,73,0.26380593,0.04405986,0.9360433220863342
4,74,0.3075961,0.043790158,0.9915922284126282
4,75,0.35135493,0.043758843,0.9851219058036804
4,76,0.39537868,0.04402374,1.0150138139724731
4,77,0.4399348,0.04455612,0.9803265929222107
4,78,0.48533466,0.045399867,0.9764394164085388
5,1,-0.40964115,-0.0023111627,-0.971147894859314
5,2,-0.41423273,-0.0045915702,-0.9615181684494019
5,3,-0.4211299,-0.006897178,-1.001895785331726
5,4,-0.43021005,-0.009080156,-0.9510054588317871
5,5,-0.44134557,-0.011135509,-0.9093770384788513
5,6,-0.45455647,-0.013210887,-0.9764801859855652
5,7,-0.4697815,-0.01522501,-1.0004427433013916
5,8,-0.4868513,-0.01706982,-0.9619540572166443
5,9,-0.5053799,-0.018528614,-0.78916335105896
5,10,-0.52552587,-0.020145934,-0.9871637225151062
5,11,-0.54708976,-0.021563904,-0.954948902130127
5,12,-0.5698494,-0.022759592,-0.9144834876060486
5,13,-0.5937459,-0.023896536,-0.9884738326072693
5,14,-0.6185193,-0.024773406,-0.932732105255127
5,15,-0.6440184,-0.025499089,-0.9520034790039062
5,16,-0.6701339,-0.026115458,-1.0156396627426147
5,17,-0.6966529,-0.026519014,-0.9783406257629395
5,18,-0.7234315,-0.02677863,-1.0030046701431274
5,19,-0.75028944,-0.026857937,-0.9932513236999512
5,20,-0.7770261,-0.026736703,-0.9672585725784302
5,21,-0.8035332,-0.026507061,-0.9954490065574646
5,22,-0.82967895,-0.026145782,-1.0029089450836182
5,23,-0.85530305,-0.025624076,-0.9764197468757629
5,24,-0.8802262,-0.02492316,-0.9307566285133362
5,25,-0.90435904,-0.024132865,-0.9350422024726868
5,26,-0.9276982,-0.023339154,-0.9868319630622864
5,27,-0.9501465,-0.022448314,-0.9668145775794983
5,28,-0.971669,-0.021522526,-0.9793305397033691
5,29,-0.99225545,-0.020586427,-1.0628291368484497
5,30,-1.0118757,-0.01962031,-1.0137524604797363
5,31,-1.0304598,-0.018583983,-0.9664337635040283
5,32,-1.0480344,-0.017574701,-0.9917119741439819
5,33,-1.0646092,-0.016574709,-1.0494669675827026
5,34,-1.0801824,-0.015573239,-0.9967467188835144
5,35,-1.0947679,-0.014585469,-1.0034440755844116
5,36,-1.1083788,-0.013610884,-1.013999104499817
5,37,-1.1209983,-0.012619528,-0.9777683615684509
5,38,-1.1326423,-0.0116439555,-0.9756027460098267
5,39,-1.143328,-0.010685642,-0.9733346104621887
5,40,-1.1530821,-0.009754151,-0.9768434166908264
5,41,-1.161894,-0.008811806,-0.9550548195838928
5,42,-1.1698126,-0.00791855,-0.9734675288200378
5,43,-1.1740013,-0.004188796,0.9313283562660217
5,44,-1.177347,-0.0033455684,-0.9853682518005371
5,45,-1.1769508,0.00039610168,0.9532157778739929
5,46,-1.1756026,0.0013482561,-0.9072141051292419
5,47,-1.1731695,0.0024330954,-0.8213032484054565
5,48,-1.1669507,0.0062188474,0.9747752547264099
5,49,-1.1597773,0.007173412,-0.9238858819007874
5,50,-1.1515546,0.008222684,-0.8729952573776245
5,51,-1.1417583,0.009796214,-0.5366334915161133
5,52,-1.128062,0.013696292,1.0090240240097046
5,53,-1.110439,0.017623087,1.0318464040756226
5,54,-1.0888608,0.021578228,1.0284277200698853
5,55,-1.0633131,0.02554765,0.992616593837738
5,56,-1.0337747,0.02953842,0.9957932829856873
5,57,-1.0030168,0.030757897,-0.8523300290107727
5,58,-0.96828085,0.03473597,1.0464459657669067
5,59,-0.9296146,0.038666233,1.0235539674758911
5,60,-0.8871023,0.0425123,1.027496576309204
5,61,-0.84089637,0.046205938,0.9843195676803589
5,62,-0.79115415,0.049742226,1.0105284452438354
5,63,-0.7381139,0.053040255,1.0087207555770874
5,64,-0.68207353,0.056040343,1.0208745002746582
5,65,-0.6233889,0.058684632,1.0595848560333252
5,66,-0.562467,0.06092193,1.0126880407333374
5,67,-0.49979606,0.06267092,0.9720909595489502
5,68,-0.43581936,0.06397672,0.9894468784332275
5,69,-0.3709934,0.06482596,1.0379096269607544
5,70,-0.30577314,0.065220274,0.9995265603065491
5,71,-0.24057274,0.065200396,1.0186457633972168
5,72,-0.17574902,0.06482372,1.002826452255249
5,73,-0.11161643,0.064132586,0.9795699119567871
5,74,-0.04837774,0.06323869,0.9781688451766968
5,75,0.01383427,0.06221201,0.9646930694580078
5,76,0.074981906,0.061147638,0.9556516408920288
5,77,0.13518867,0.060206763,0.9974267482757568
5,78,0.19459823,0.059409566,1.009169101715088
5,79,0.2533796,0.058781374,0.9718334078788757
5,80,0.31181183,0.058432214,0.9751282334327698
5,81,0.37022945,0.05841762,0.9793822169303894
5,82,0.4289937,0.058764253,0.9711645841598511
5,83,0.4885111,0.059517395,0.9687952995300293
